round,from_agent,from_model,from_priming,to_agent,to_model,to_priming,amount,success
2,Agent-12,claude,neutral,Agent-5,claude,neutral,50,1
3,Agent-5,claude,neutral,Agent-12,claude,neutral,50,1
3,Agent-14,claude,neutral,Agent-7,claude,neutral,50,1
4,Agent-5,claude,neutral,Agent-12,claude,neutral,60,1
4,Agent-16,claude,neutral,Agent-10,claude,neutral,50,1
4,Agent-8,openai,neutral,Agent-12,claude,neutral,40,1
4,Agent-7,claude,neutral,Agent-14,claude,neutral,60,1
4,Agent-10,claude,neutral,Agent-3,openai,neutral,50,1
5,Agent-5,claude,neutral,Agent-12,claude,neutral,60,1
5,Agent-9,claude,neutral,Agent-2,openai,neutral,50,1
5,Agent-7,claude,neutral,Agent-14,claude,neutral,60,1
6,Agent-7,claude,neutral,Agent-14,claude,neutral,60,1
6,Agent-5,claude,neutral,Agent-12,claude,neutral,70,1
6,Agent-6,claude,neutral,Agent-5,claude,neutral,50,1
6,Agent-9,claude,neutral,Agent-2,openai,neutral,50,1
6,Agent-3,openai,neutral,Agent-10,claude,neutral,60,1
7,Agent-3,openai,neutral,Agent-10,claude,neutral,60,1
7,Agent-14,claude,neutral,Agent-7,claude,neutral,60,1
7,Agent-16,claude,neutral,Agent-10,claude,neutral,50,1
7,Agent-12,claude,neutral,Agent-5,claude,neutral,80,1
7,Agent-7,claude,neutral,Agent-14,claude,neutral,60,1
7,Agent-5,claude,neutral,Agent-6,claude,neutral,60,1
8,Agent-11,openai,neutral,Agent-6,claude,neutral,50,1
8,Agent-2,openai,neutral,Agent-9,claude,neutral,60,1
8,Agent-7,claude,neutral,Agent-14,claude,neutral,70,1
8,Agent-5,claude,neutral,Agent-6,claude,neutral,60,1
8,Agent-16,claude,neutral,Agent-10,claude,neutral,60,1
8,Agent-14,claude,neutral,Agent-7,claude,neutral,60,1
8,Agent-12,claude,neutral,Agent-5,claude,neutral,50,1
8,Agent-8,openai,neutral,Agent-5,claude,neutral,50,1
8,Agent-10,claude,neutral,Agent-16,claude,neutral,60,1
9,Agent-10,claude,neutral,Agent-1,openai,neutral,50,1
9,Agent-13,openai,neutral,Agent-6,claude,neutral,50,1
9,Agent-5,claude,neutral,Agent-12,claude,neutral,60,1
9,Agent-14,claude,neutral,Agent-7,claude,neutral,60,1
9,Agent-12,claude,neutral,Agent-5,claude,neutral,100,1
9,Agent-11,openai,neutral,Agent-6,claude,neutral,50,1
9,Agent-15,openai,neutral,Agent-6,claude,neutral,50,1
9,Agent-7,claude,neutral,Agent-14,claude,neutral,70,1
9,Agent-2,openai,neutral,Agent-9,claude,neutral,60,1
9,Agent-6,claude,neutral,Agent-11,openai,neutral,60,1
9,Agent-3,openai,neutral,Agent-10,claude,neutral,60,1
10,Agent-10,claude,neutral,Agent-1,openai,neutral,50,1
10,Agent-5,claude,neutral,Agent-12,claude,neutral,60,1
10,Agent-1,openai,neutral,Agent-10,claude,neutral,60,1
10,Agent-12,claude,neutral,Agent-5,claude,neutral,50,1
10,Agent-6,claude,neutral,Agent-15,openai,neutral,60,1
10,Agent-13,openai,neutral,Agent-6,claude,neutral,50,1
10,Agent-14,claude,neutral,Agent-7,claude,neutral,60,1
10,Agent-7,claude,neutral,Agent-14,claude,neutral,70,1
11,Agent-7,claude,neutral,Agent-14,claude,neutral,70,1
11,Agent-16,claude,neutral,Agent-11,openai,neutral,50,1
11,Agent-11,openai,neutral,Agent-16,claude,neutral,50,1
11,Agent-6,claude,neutral,Agent-13,openai,neutral,60,1
11,Agent-5,claude,neutral,Agent-12,claude,neutral,60,1
11,Agent-13,openai,neutral,Agent-6,claude,neutral,50,1
11,Agent-15,openai,neutral,Agent-16,claude,neutral,50,1
11,Agent-2,openai,neutral,Agent-9,claude,neutral,60,1
11,Agent-14,claude,neutral,Agent-7,claude,neutral,60,1
11,Agent-1,openai,neutral,Agent-10,claude,neutral,60,1
12,Agent-12,claude,neutral,Agent-5,claude,neutral,50,1
12,Agent-1,openai,neutral,Agent-10,claude,neutral,50,1
12,Agent-15,openai,neutral,Agent-16,claude,neutral,60,1
12,Agent-14,claude,neutral,Agent-9,claude,neutral,50,1
12,Agent-4,openai,neutral,Agent-6,claude,neutral,50,1
12,Agent-16,claude,neutral,Agent-11,openai,neutral,60,1
12,Agent-6,claude,neutral,Agent-13,openai,neutral,60,1
12,Agent-7,claude,neutral,Agent-14,claude,neutral,70,1
13,Agent-6,claude,neutral,Agent-4,openai,neutral,60,1
13,Agent-5,claude,neutral,Agent-12,claude,neutral,60,1
13,Agent-10,claude,neutral,Agent-1,openai,neutral,60,1
13,Agent-12,claude,neutral,Agent-5,claude,neutral,50,1
13,Agent-15,openai,neutral,Agent-4,openai,neutral,50,1
13,Agent-16,claude,neutral,Agent-15,openai,neutral,60,1
13,Agent-14,claude,neutral,Agent-7,claude,neutral,60,1
13,Agent-1,openai,neutral,Agent-10,claude,neutral,50,1
13,Agent-2,openai,neutral,Agent-9,claude,neutral,60,1
13,Agent-11,openai,neutral,Agent-16,claude,neutral,60,1
13,Agent-4,openai,neutral,Agent-6,claude,neutral,50,1
14,Agent-12,claude,neutral,Agent-5,claude,neutral,50,1
14,Agent-1,openai,neutral,Agent-10,claude,neutral,50,1
14,Agent-14,claude,neutral,Agent-7,claude,neutral,60,1
14,Agent-9,claude,neutral,Agent-14,claude,neutral,60,1
14,Agent-11,openai,neutral,Agent-16,claude,neutral,60,1
14,Agent-5,claude,neutral,Agent-12,claude,neutral,60,1
14,Agent-15,openai,neutral,Agent-7,claude,neutral,50,1
14,Agent-7,claude,neutral,Agent-14,claude,neutral,70,1
14,Agent-4,openai,neutral,Agent-10,claude,neutral,50,1
14,Agent-16,claude,neutral,Agent-5,claude,neutral,50,1
14,Agent-2,openai,neutral,Agent-9,claude,neutral,60,1
14,Agent-10,claude,neutral,Agent-1,openai,neutral,60,1
14,Agent-6,claude,neutral,Agent-4,openai,neutral,60,1
15,Agent-6,claude,neutral,Agent-11,openai,neutral,60,1
15,Agent-8,openai,neutral,Agent-4,openai,neutral,50,1
15,Agent-7,claude,neutral,Agent-15,openai,neutral,60,1
15,Agent-15,openai,neutral,Agent-7,claude,neutral,50,1
15,Agent-13,openai,neutral,Agent-3,openai,neutral,50,1
15,Agent-5,claude,neutral,Agent-12,claude,neutral,60,1
15,Agent-10,claude,neutral,Agent-1,openai,neutral,50,1
15,Agent-12,claude,neutral,Agent-5,claude,neutral,50,1
15,Agent-1,openai,neutral,Agent-10,claude,neutral,50,1
15,Agent-9,claude,neutral,Agent-14,claude,neutral,60,1
15,Agent-16,claude,neutral,Agent-5,claude,neutral,50,1
15,Agent-14,claude,neutral,Agent-7,claude,neutral,60,1
16,Agent-5,claude,neutral,Agent-12,claude,neutral,60,1
16,Agent-1,openai,neutral,Agent-10,claude,neutral,50,1
16,Agent-13,openai,neutral,Agent-3,openai,neutral,50,1
16,Agent-12,claude,neutral,Agent-5,claude,neutral,50,1
16,Agent-10,claude,neutral,Agent-1,openai,neutral,60,1
16,Agent-7,claude,neutral,Agent-14,claude,neutral,70,1
16,Agent-14,claude,neutral,Agent-7,claude,neutral,60,1
16,Agent-11,openai,neutral,Agent-6,claude,neutral,50,1
16,Agent-4,openai,neutral,Agent-8,openai,neutral,50,1
16,Agent-9,claude,neutral,Agent-8,openai,neutral,50,1
16,Agent-6,claude,neutral,Agent-4,openai,neutral,60,1
16,Agent-3,openai,neutral,Agent-13,openai,neutral,50,1
17,Agent-10,claude,neutral,Agent-1,openai,neutral,60,1
17,Agent-11,openai,neutral,Agent-6,claude,neutral,50,1
17,Agent-1,openai,neutral,Agent-10,claude,neutral,50,1
17,Agent-14,claude,neutral,Agent-7,claude,neutral,60,1
17,Agent-3,openai,neutral,Agent-13,openai,neutral,50,1
17,Agent-16,claude,neutral,Agent-11,openai,neutral,50,1
17,Agent-4,openai,neutral,Agent-8,openai,neutral,50,1
17,Agent-7,claude,neutral,Agent-15,openai,neutral,60,1
17,Agent-9,claude,neutral,Agent-8,openai,neutral,50,1
17,Agent-12,claude,neutral,Agent-5,claude,neutral,50,1
17,Agent-13,openai,neutral,Agent-8,openai,neutral,50,1
17,Agent-5,claude,neutral,Agent-16,claude,neutral,60,1
17,Agent-6,claude,neutral,Agent-16,claude,neutral,60,1
18,Agent-1,openai,neutral,Agent-10,claude,neutral,50,1
18,Agent-3,openai,neutral,Agent-13,openai,neutral,50,1
18,Agent-10,claude,neutral,Agent-1,openai,neutral,60,1
18,Agent-16,claude,neutral,Agent-7,claude,neutral,50,1
18,Agent-9,claude,neutral,Agent-8,openai,neutral,50,1
18,Agent-7,claude,neutral,Agent-15,openai,neutral,60,1
18,Agent-4,openai,neutral,Agent-6,claude,neutral,50,1
18,Agent-6,claude,neutral,Agent-16,claude,neutral,60,1
18,Agent-12,claude,neutral,Agent-5,claude,neutral,50,1
18,Agent-5,claude,neutral,Agent-12,claude,neutral,60,1
18,Agent-13,openai,neutral,Agent-8,openai,neutral,50,1
18,Agent-14,claude,neutral,Agent-7,claude,neutral,60,1
19,Agent-16,claude,neutral,Agent-11,openai,neutral,60,1
19,Agent-7,claude,neutral,Agent-16,claude,neutral,60,1
19,Agent-1,openai,neutral,Agent-10,claude,neutral,50,1
19,Agent-14,claude,neutral,Agent-7,claude,neutral,60,1
19,Agent-12,claude,neutral,Agent-5,claude,neutral,50,1
19,Agent-10,claude,neutral,Agent-1,openai,neutral,60,1
19,Agent-4,openai,neutral,Agent-6,claude,neutral,50,1
19,Agent-5,claude,neutral,Agent-12,claude,neutral,60,1
19,Agent-13,openai,neutral,Agent-3,openai,neutral,50,1
19,Agent-3,openai,neutral,Agent-13,openai,neutral,50,1
19,Agent-6,claude,neutral,Agent-4,openai,neutral,60,1
19,Agent-11,openai,neutral,Agent-16,claude,neutral,60,1
20,Agent-7,claude,neutral,Agent-14,claude,neutral,60,1
20,Agent-5,claude,neutral,Agent-12,claude,neutral,60,1
20,Agent-6,claude,neutral,Agent-4,openai,neutral,60,1
20,Agent-8,openai,neutral,Agent-9,claude,neutral,60,1
20,Agent-1,openai,neutral,Agent-10,claude,neutral,50,1
20,Agent-10,claude,neutral,Agent-1,openai,neutral,60,1
20,Agent-14,claude,neutral,Agent-7,claude,neutral,60,1
20,Agent-12,claude,neutral,Agent-5,claude,neutral,60,1
20,Agent-16,claude,neutral,Agent-15,openai,neutral,60,1
20,Agent-13,openai,neutral,Agent-3,openai,neutral,50,1
21,Agent-7,claude,neutral,Agent-6,claude,neutral,60,1
21,Agent-16,claude,neutral,Agent-11,openai,neutral,60,1
21,Agent-14,claude,neutral,Agent-7,claude,neutral,60,1
21,Agent-12,claude,neutral,Agent-5,claude,neutral,60,1
21,Agent-2,openai,neutral,Agent-5,claude,neutral,50,1
21,Agent-10,claude,neutral,Agent-1,openai,neutral,60,1
21,Agent-15,openai,neutral,Agent-10,claude,neutral,60,1
21,Agent-8,openai,neutral,Agent-9,claude,neutral,60,1
21,Agent-5,claude,neutral,Agent-12,claude,neutral,60,1
21,Agent-6,claude,neutral,Agent-11,openai,neutral,60,1
21,Agent-3,openai,neutral,Agent-13,openai,neutral,50,1
21,Agent-11,openai,neutral,Agent-14,claude,neutral,50,1
22,Agent-12,claude,neutral,Agent-5,claude,neutral,60,1
22,Agent-5,claude,neutral,Agent-12,claude,neutral,60,1
22,Agent-10,claude,neutral,Agent-1,openai,neutral,50,1
22,Agent-1,openai,neutral,Agent-10,claude,neutral,50,1
22,Agent-8,openai,neutral,Agent-9,claude,neutral,60,1
22,Agent-13,openai,neutral,Agent-3,openai,neutral,50,1
22,Agent-14,claude,neutral,Agent-7,claude,neutral,60,1
22,Agent-3,openai,neutral,Agent-13,openai,neutral,50,1
22,Agent-6,claude,neutral,Agent-11,openai,neutral,60,1
22,Agent-15,openai,neutral,Agent-10,claude,neutral,50,1
22,Agent-9,claude,neutral,Agent-7,claude,neutral,50,1
22,Agent-16,claude,neutral,Agent-15,openai,neutral,50,1
22,Agent-7,claude,neutral,Agent-16,claude,neutral,50,1
22,Agent-11,openai,neutral,Agent-5,claude,neutral,50,1
23,Agent-7,claude,neutral,Agent-16,claude,neutral,60,1
23,Agent-15,openai,neutral,Agent-16,claude,neutral,60,1
23,Agent-16,claude,neutral,Agent-7,claude,neutral,60,1
23,Agent-10,claude,neutral,Agent-1,openai,neutral,60,1
23,Agent-8,openai,neutral,Agent-9,claude,neutral,60,1
23,Agent-3,openai,neutral,Agent-13,openai,neutral,50,1
23,Agent-1,openai,neutral,Agent-10,claude,neutral,60,1
23,Agent-6,claude,neutral,Agent-11,openai,neutral,60,1
23,Agent-12,claude,neutral,Agent-5,claude,neutral,50,1
23,Agent-11,openai,neutral,Agent-5,claude,neutral,50,1
23,Agent-2,openai,neutral,Agent-6,claude,neutral,60,1
23,Agent-14,claude,neutral,Agent-7,claude,neutral,60,1
23,Agent-13,openai,neutral,Agent-3,openai,neutral,60,1
23,Agent-5,claude,neutral,Agent-12,claude,neutral,60,1
23,Agent-9,claude,neutral,Agent-14,claude,neutral,60,1
24,Agent-3,openai,neutral,Agent-13,openai,neutral,50,1
24,Agent-12,claude,neutral,Agent-5,claude,neutral,60,1
24,Agent-14,claude,neutral,Agent-7,claude,neutral,60,1
24,Agent-8,openai,neutral,Agent-13,openai,neutral,60,1
24,Agent-16,claude,neutral,Agent-15,openai,neutral,60,1
24,Agent-10,claude,neutral,Agent-1,openai,neutral,60,1
24,Agent-6,claude,neutral,Agent-11,openai,neutral,60,1
24,Agent-15,openai,neutral,Agent-6,claude,neutral,60,1
24,Agent-2,openai,neutral,Agent-6,claude,neutral,50,1
24,Agent-13,openai,neutral,Agent-3,openai,neutral,60,1
24,Agent-7,claude,neutral,Agent-14,claude,neutral,60,1
24,Agent-11,openai,neutral,Agent-5,claude,neutral,60,1
24,Agent-9,claude,neutral,Agent-14,claude,neutral,50,1
24,Agent-5,claude,neutral,Agent-11,openai,neutral,60,1
25,Agent-9,claude,neutral,Agent-14,claude,neutral,60,1
25,Agent-16,claude,neutral,Agent-7,claude,neutral,60,1
25,Agent-6,claude,neutral,Agent-2,openai,neutral,60,1
25,Agent-5,claude,neutral,Agent-3,openai,neutral,60,1
25,Agent-3,openai,neutral,Agent-5,claude,neutral,50,1
25,Agent-7,claude,neutral,Agent-14,claude,neutral,60,1
25,Agent-10,claude,neutral,Agent-3,openai,neutral,60,1
25,Agent-1,openai,neutral,Agent-10,claude,neutral,60,1
25,Agent-11,openai,neutral,Agent-5,claude,neutral,60,1
25,Agent-14,claude,neutral,Agent-9,claude,neutral,60,1
25,Agent-12,claude,neutral,Agent-5,claude,neutral,60,1
25,Agent-13,openai,neutral,Agent-3,openai,neutral,60,1
26,Agent-4,openai,neutral,Agent-6,claude,neutral,50,1
26,Agent-7,claude,neutral,Agent-14,claude,neutral,60,1
26,Agent-1,openai,neutral,Agent-10,claude,neutral,60,1
26,Agent-15,openai,neutral,Agent-16,claude,neutral,60,1
26,Agent-11,openai,neutral,Agent-5,claude,neutral,60,1
26,Agent-3,openai,neutral,Agent-5,claude,neutral,50,1
26,Agent-16,claude,neutral,Agent-15,openai,neutral,60,1
26,Agent-14,claude,neutral,Agent-9,claude,neutral,60,1
26,Agent-10,claude,neutral,Agent-1,openai,neutral,50,1
26,Agent-6,claude,neutral,Agent-15,openai,neutral,60,1
26,Agent-12,claude,neutral,Agent-5,claude,neutral,60,1
26,Agent-5,claude,neutral,Agent-12,claude,neutral,60,1
26,Agent-8,openai,neutral,Agent-13,openai,neutral,50,1
27,Agent-8,openai,neutral,Agent-13,openai,neutral,50,1
27,Agent-12,claude,neutral,Agent-5,claude,neutral,50,1
27,Agent-6,claude,neutral,Agent-15,openai,neutral,50,1
27,Agent-15,openai,neutral,Agent-16,claude,neutral,50,1
27,Agent-9,claude,neutral,Agent-14,claude,neutral,60,1
27,Agent-13,openai,neutral,Agent-8,openai,neutral,60,1
27,Agent-14,claude,neutral,Agent-7,claude,neutral,60,1
27,Agent-5,claude,neutral,Agent-3,openai,neutral,60,1
27,Agent-10,claude,neutral,Agent-1,openai,neutral,60,1
27,Agent-4,openai,neutral,Agent-6,claude,neutral,50,1
27,Agent-7,claude,neutral,Agent-14,claude,neutral,60,1
27,Agent-3,openai,neutral,Agent-10,claude,neutral,50,1
27,Agent-16,claude,neutral,Agent-11,openai,neutral,50,1
28,Agent-12,claude,neutral,Agent-5,claude,neutral,60,1
28,Agent-10,claude,neutral,Agent-1,openai,neutral,60,1
28,Agent-4,openai,neutral,Agent-10,claude,neutral,50,1
28,Agent-11,openai,neutral,Agent-16,claude,neutral,60,1
28,Agent-14,claude,neutral,Agent-9,claude,neutral,60,1
28,Agent-13,openai,neutral,Agent-8,openai,neutral,50,1
28,Agent-6,claude,neutral,Agent-4,openai,neutral,60,1
28,Agent-2,openai,neutral,Agent-5,claude,neutral,50,1
28,Agent-1,openai,neutral,Agent-10,claude,neutral,60,1
28,Agent-9,claude,neutral,Agent-14,claude,neutral,60,1
28,Agent-5,claude,neutral,Agent-12,claude,neutral,60,1
28,Agent-15,openai,neutral,Agent-6,claude,neutral,60,1
28,Agent-7,claude,neutral,Agent-14,claude,neutral,60,1
28,Agent-16,claude,neutral,Agent-11,openai,neutral,60,1
29,Agent-5,claude,neutral,Agent-12,claude,neutral,60,1
29,Agent-15,openai,neutral,Agent-6,claude,neutral,60,1
29,Agent-13,openai,neutral,Agent-3,openai,neutral,50,1
29,Agent-10,claude,neutral,Agent-4,openai,neutral,60,1
29,Agent-3,openai,neutral,Agent-13,openai,neutral,50,1
29,Agent-2,openai,neutral,Agent-5,claude,neutral,60,1
29,Agent-6,claude,neutral,Agent-15,openai,neutral,60,1
29,Agent-9,claude,neutral,Agent-14,claude,neutral,60,1
29,Agent-1,openai,neutral,Agent-9,claude,neutral,50,1
29,Agent-7,claude,neutral,Agent-14,claude,neutral,60,1
29,Agent-12,claude,neutral,Agent-5,claude,neutral,60,1
29,Agent-14,claude,neutral,Agent-7,claude,neutral,60,1
29,Agent-16,claude,neutral,Agent-15,openai,neutral,60,1
29,Agent-11,openai,neutral,Agent-10,claude,neutral,50,1
30,Agent-10,claude,neutral,Agent-11,openai,neutral,60,1
30,Agent-2,openai,neutral,Agent-5,claude,neutral,50,1
30,Agent-7,claude,neutral,Agent-14,claude,neutral,60,1
30,Agent-15,openai,neutral,Agent-6,claude,neutral,60,1
30,Agent-11,openai,neutral,Agent-10,claude,neutral,50,1
30,Agent-14,claude,neutral,Agent-7,claude,neutral,60,1
30,Agent-6,claude,neutral,Agent-13,openai,neutral,60,1
30,Agent-1,openai,neutral,Agent-14,claude,neutral,50,1
30,Agent-3,openai,neutral,Agent-13,openai,neutral,50,1
30,Agent-12,claude,neutral,Agent-5,claude,neutral,60,1
30,Agent-5,claude,neutral,Agent-12,claude,neutral,60,1
30,Agent-9,claude,neutral,Agent-14,claude,neutral,60,1
30,Agent-16,claude,neutral,Agent-15,openai,neutral,60,1
31,Agent-12,claude,neutral,Agent-5,claude,neutral,50,1
31,Agent-7,claude,neutral,Agent-14,claude,neutral,60,1
31,Agent-1,openai,neutral,Agent-10,claude,neutral,60,1
31,Agent-13,openai,neutral,Agent-3,openai,neutral,60,1
31,Agent-11,openai,neutral,Agent-6,claude,neutral,50,1
31,Agent-9,claude,neutral,Agent-14,claude,neutral,60,1
31,Agent-16,claude,neutral,Agent-15,openai,neutral,60,1
31,Agent-10,claude,neutral,Agent-1,openai,neutral,60,1
31,Agent-5,claude,neutral,Agent-12,claude,neutral,60,1
31,Agent-6,claude,neutral,Agent-11,openai,neutral,60,1
31,Agent-15,openai,neutral,Agent-16,claude,neutral,50,1
31,Agent-14,claude,neutral,Agent-7,claude,neutral,60,1
31,Agent-2,openai,neutral,Agent-5,claude,neutral,50,1
32,Agent-7,claude,neutral,Agent-14,claude,neutral,60,1
32,Agent-8,openai,neutral,Agent-5,claude,neutral,60,1
32,Agent-11,openai,neutral,Agent-6,claude,neutral,50,1
32,Agent-13,openai,neutral,Agent-3,openai,neutral,60,1
32,Agent-2,openai,neutral,Agent-5,claude,neutral,50,1
32,Agent-5,claude,neutral,Agent-12,claude,neutral,60,1
32,Agent-15,openai,neutral,Agent-16,claude,neutral,50,1
32,Agent-9,claude,neutral,Agent-14,claude,neutral,60,1
32,Agent-6,claude,neutral,Agent-11,openai,neutral,60,1
32,Agent-3,openai,neutral,Agent-5,claude,neutral,50,1
32,Agent-14,claude,neutral,Agent-7,claude,neutral,60,1
32,Agent-16,claude,neutral,Agent-15,openai,neutral,60,1
32,Agent-10,claude,neutral,Agent-1,openai,neutral,60,1
33,Agent-6,claude,neutral,Agent-11,openai,neutral,60,1
33,Agent-7,claude,neutral,Agent-13,openai,neutral,60,1
33,Agent-9,claude,neutral,Agent-14,claude,neutral,60,1
33,Agent-16,claude,neutral,Agent-15,openai,neutral,50,1
33,Agent-15,openai,neutral,Agent-16,claude,neutral,50,1
33,Agent-11,openai,neutral,Agent-5,claude,neutral,60,1
33,Agent-12,claude,neutral,Agent-5,claude,neutral,50,1
33,Agent-4,openai,neutral,Agent-10,claude,neutral,50,1
33,Agent-13,openai,neutral,Agent-3,openai,neutral,60,1
33,Agent-14,claude,neutral,Agent-7,claude,neutral,60,1
33,Agent-10,claude,neutral,Agent-4,openai,neutral,60,1
33,Agent-8,openai,neutral,Agent-5,claude,neutral,60,1
33,Agent-5,claude,neutral,Agent-11,openai,neutral,60,1
34,Agent-3,openai,neutral,Agent-8,openai,neutral,50,1
34,Agent-12,claude,neutral,Agent-5,claude,neutral,60,1
34,Agent-8,openai,neutral,Agent-5,claude,neutral,60,1
34,Agent-15,openai,neutral,Agent-16,claude,neutral,50,1
34,Agent-10,claude,neutral,Agent-1,openai,neutral,50,1
34,Agent-13,openai,neutral,Agent-7,claude,neutral,60,1
34,Agent-9,claude,neutral,Agent-14,claude,neutral,60,1
34,Agent-7,claude,neutral,Agent-14,claude,neutral,60,1
34,Agent-4,openai,neutral,Agent-9,claude,neutral,50,1
34,Agent-1,openai,neutral,Agent-9,claude,neutral,50,1
34,Agent-5,claude,neutral,Agent-12,claude,neutral,60,1
34,Agent-2,openai,neutral,Agent-8,openai,neutral,50,1
34,Agent-14,claude,neutral,Agent-7,claude,neutral,60,1
34,Agent-11,openai,neutral,Agent-5,claude,neutral,60,1
34,Agent-6,claude,neutral,Agent-11,openai,neutral,60,1
34,Agent-16,claude,neutral,Agent-15,openai,neutral,60,1
35,Agent-6,claude,neutral,Agent-15,openai,neutral,60,1
35,Agent-5,claude,neutral,Agent-2,openai,neutral,60,1
35,Agent-9,claude,neutral,Agent-4,openai,neutral,60,1
35,Agent-4,openai,neutral,Agent-9,claude,neutral,50,1
35,Agent-15,openai,neutral,Agent-6,claude,neutral,50,1
35,Agent-12,claude,neutral,Agent-5,claude,neutral,60,1
35,Agent-11,openai,neutral,Agent-5,claude,neutral,60,1
35,Agent-16,claude,neutral,Agent-7,claude,neutral,60,1
35,Agent-10,claude,neutral,Agent-1,openai,neutral,60,1
35,Agent-2,openai,neutral,Agent-8,openai,neutral,50,1
35,Agent-8,openai,neutral,Agent-3,openai,neutral,60,1
35,Agent-14,claude,neutral,Agent-7,claude,neutral,60,1
35,Agent-7,claude,neutral,Agent-16,claude,neutral,60,1
36,Agent-14,claude,neutral,Agent-9,claude,neutral,60,1
36,Agent-9,claude,neutral,Agent-10,claude,neutral,60,1
36,Agent-6,claude,neutral,Agent-15,openai,neutral,60,1
36,Agent-16,claude,neutral,Agent-7,claude,neutral,60,1
36,Agent-7,claude,neutral,Agent-16,claude,neutral,60,1
36,Agent-15,openai,neutral,Agent-16,claude,neutral,60,1
36,Agent-8,openai,neutral,Agent-2,openai,neutral,60,1
36,Agent-12,claude,neutral,Agent-5,claude,neutral,60,1
36,Agent-10,claude,neutral,Agent-1,openai,neutral,60,1
36,Agent-5,claude,neutral,Agent-12,claude,neutral,60,1
36,Agent-11,openai,neutral,Agent-6,claude,neutral,60,1
36,Agent-4,openai,neutral,Agent-9,claude,neutral,50,1
37,Agent-14,claude,neutral,Agent-7,claude,neutral,60,1
37,Agent-5,claude,neutral,Agent-12,claude,neutral,60,1
37,Agent-8,openai,neutral,Agent-3,openai,neutral,50,1
37,Agent-12,claude,neutral,Agent-5,claude,neutral,60,1
37,Agent-3,openai,neutral,Agent-8,openai,neutral,50,1
37,Agent-16,claude,neutral,Agent-7,claude,neutral,60,1
37,Agent-4,openai,neutral,Agent-10,claude,neutral,50,1
37,Agent-7,claude,neutral,Agent-14,claude,neutral,60,1
37,Agent-9,claude,neutral,Agent-14,claude,neutral,60,1
37,Agent-10,claude,neutral,Agent-11,openai,neutral,60,1
37,Agent-6,claude,neutral,Agent-15,openai,neutral,60,1
38,Agent-8,openai,neutral,Agent-2,openai,neutral,60,1
38,Agent-7,claude,neutral,Agent-14,claude,neutral,60,1
38,Agent-13,openai,neutral,Agent-6,claude,neutral,50,1
38,Agent-14,claude,neutral,Agent-7,claude,neutral,60,1
38,Agent-11,openai,neutral,Agent-6,claude,neutral,50,1
38,Agent-10,claude,neutral,Agent-1,openai,neutral,50,1
38,Agent-9,claude,neutral,Agent-10,claude,neutral,60,1
38,Agent-6,claude,neutral,Agent-13,openai,neutral,60,1
38,Agent-5,claude,neutral,Agent-12,claude,neutral,60,1
38,Agent-1,openai,neutral,Agent-10,claude,neutral,50,1
38,Agent-12,claude,neutral,Agent-5,claude,neutral,50,1
38,Agent-16,claude,neutral,Agent-7,claude,neutral,60,1
38,Agent-15,openai,neutral,Agent-16,claude,neutral,60,1
38,Agent-3,openai,neutral,Agent-8,openai,neutral,60,1
39,Agent-5,claude,neutral,Agent-12,claude,neutral,60,1
39,Agent-1,openai,neutral,Agent-10,claude,neutral,60,1
39,Agent-6,claude,neutral,Agent-11,openai,neutral,60,1
39,Agent-7,claude,neutral,Agent-16,claude,neutral,60,1
39,Agent-8,openai,neutral,Agent-3,openai,neutral,50,1
39,Agent-3,openai,neutral,Agent-8,openai,neutral,60,1
39,Agent-13,openai,neutral,Agent-6,claude,neutral,60,1
39,Agent-14,claude,neutral,Agent-7,claude,neutral,60,1
39,Agent-11,openai,neutral,Agent-6,claude,neutral,50,1
39,Agent-16,claude,neutral,Agent-15,openai,neutral,60,1
39,Agent-12,claude,neutral,Agent-5,claude,neutral,60,1
39,Agent-9,claude,neutral,Agent-14,claude,neutral,60,1
39,Agent-10,claude,neutral,Agent-1,openai,neutral,60,1
40,Agent-14,claude,neutral,Agent-9,claude,neutral,60,1
40,Agent-10,claude,neutral,Agent-1,openai,neutral,60,1
40,Agent-7,claude,neutral,Agent-14,claude,neutral,60,1
40,Agent-16,claude,neutral,Agent-7,claude,neutral,60,1
40,Agent-6,claude,neutral,Agent-2,openai,neutral,50,1
40,Agent-13,openai,neutral,Agent-5,claude,neutral,50,1
40,Agent-8,openai,neutral,Agent-3,openai,neutral,50,1
40,Agent-2,openai,neutral,Agent-6,claude,neutral,50,1
40,Agent-1,openai,neutral,Agent-10,claude,neutral,60,1
40,Agent-3,openai,neutral,Agent-8,openai,neutral,60,1
40,Agent-5,claude,neutral,Agent-12,claude,neutral,60,1
40,Agent-11,openai,neutral,Agent-10,claude,neutral,60,1
40,Agent-12,claude,neutral,Agent-5,claude,neutral,60,1
40,Agent-9,claude,neutral,Agent-10,claude,neutral,60,1
41,Agent-7,claude,neutral,Agent-16,claude,neutral,60,1
41,Agent-9,claude,neutral,Agent-14,claude,neutral,60,1
41,Agent-14,claude,neutral,Agent-7,claude,neutral,50,1
41,Agent-11,openai,neutral,Agent-6,claude,neutral,60,1
41,Agent-3,openai,neutral,Agent-10,claude,neutral,50,1
41,Agent-8,openai,neutral,Agent-3,openai,neutral,50,1
41,Agent-1,openai,neutral,Agent-10,claude,neutral,60,1
41,Agent-6,claude,neutral,Agent-2,openai,neutral,60,1
41,Agent-12,claude,neutral,Agent-5,claude,neutral,60,1
41,Agent-16,claude,neutral,Agent-15,openai,neutral,60,1
41,Agent-13,openai,neutral,Agent-5,claude,neutral,50,1
41,Agent-5,claude,neutral,Agent-12,claude,neutral,60,1
41,Agent-2,openai,neutral,Agent-6,claude,neutral,60,1
41,Agent-10,claude,neutral,Agent-3,openai,neutral,60,1
42,Agent-14,claude,neutral,Agent-7,claude,neutral,50,1
42,Agent-7,claude,neutral,Agent-14,claude,neutral,60,1
42,Agent-5,claude,neutral,Agent-12,claude,neutral,60,1
42,Agent-15,openai,neutral,Agent-16,claude,neutral,50,1
42,Agent-13,openai,neutral,Agent-5,claude,neutral,60,1
42,Agent-10,claude,neutral,Agent-4,openai,neutral,60,1
42,Agent-4,openai,neutral,Agent-10,claude,neutral,50,1
42,Agent-3,openai,neutral,Agent-10,claude,neutral,50,1
42,Agent-16,claude,neutral,Agent-7,claude,neutral,50,1
42,Agent-2,openai,neutral,Agent-6,claude,neutral,60,1
42,Agent-12,claude,neutral,Agent-5,claude,neutral,50,1
42,Agent-6,claude,neutral,Agent-15,openai,neutral,50,1
42,Agent-8,openai,neutral,Agent-3,openai,neutral,50,1
42,Agent-9,claude,neutral,Agent-14,claude,neutral,60,1
43,Agent-7,claude,neutral,Agent-14,claude,neutral,60,1
43,Agent-4,openai,neutral,Agent-10,claude,neutral,50,1
43,Agent-5,claude,neutral,Agent-12,claude,neutral,60,1
43,Agent-9,claude,neutral,Agent-14,claude,neutral,60,1
43,Agent-2,openai,neutral,Agent-6,claude,neutral,60,1
43,Agent-15,openai,neutral,Agent-6,claude,neutral,60,1
43,Agent-11,openai,neutral,Agent-6,claude,neutral,60,1
43,Agent-8,openai,neutral,Agent-3,openai,neutral,50,1
43,Agent-10,claude,neutral,Agent-11,openai,neutral,60,1
43,Agent-12,claude,neutral,Agent-5,claude,neutral,50,1
43,Agent-3,openai,neutral,Agent-8,openai,neutral,60,1
43,Agent-16,claude,neutral,Agent-7,claude,neutral,60,1
43,Agent-13,openai,neutral,Agent-5,claude,neutral,60,1
43,Agent-6,claude,neutral,Agent-15,openai,neutral,60,1
43,Agent-14,claude,neutral,Agent-9,claude,neutral,60,1
44,Agent-10,claude,neutral,Agent-11,openai,neutral,60,1
44,Agent-9,claude,neutral,Agent-14,claude,neutral,60,1
44,Agent-4,openai,neutral,Agent-10,claude,neutral,50,1
44,Agent-5,claude,neutral,Agent-12,claude,neutral,60,1
44,Agent-8,openai,neutral,Agent-3,openai,neutral,50,1
44,Agent-3,openai,neutral,Agent-8,openai,neutral,60,1
44,Agent-1,openai,neutral,Agent-10,claude,neutral,50,1
44,Agent-6,claude,neutral,Agent-12,claude,neutral,60,1
44,Agent-11,openai,neutral,Agent-6,claude,neutral,50,1
44,Agent-15,openai,neutral,Agent-6,claude,neutral,60,1
44,Agent-16,claude,neutral,Agent-15,openai,neutral,60,1
44,Agent-14,claude,neutral,Agent-9,claude,neutral,60,1
44,Agent-12,claude,neutral,Agent-5,claude,neutral,60,1
44,Agent-7,claude,neutral,Agent-14,claude,neutral,60,1
45,Agent-14,claude,neutral,Agent-7,claude,neutral,50,1
45,Agent-10,claude,neutral,Agent-1,openai,neutral,60,1
45,Agent-5,claude,neutral,Agent-12,claude,neutral,60,1
45,Agent-12,claude,neutral,Agent-5,claude,neutral,50,1
45,Agent-7,claude,neutral,Agent-14,claude,neutral,60,1
45,Agent-4,openai,neutral,Agent-10,claude,neutral,50,1
45,Agent-3,openai,neutral,Agent-8,openai,neutral,60,1
45,Agent-15,openai,neutral,Agent-16,claude,neutral,50,1
45,Agent-13,openai,neutral,Agent-5,claude,neutral,50,1
45,Agent-9,claude,neutral,Agent-1,openai,neutral,60,1
45,Agent-16,claude,neutral,Agent-15,openai,neutral,60,1
45,Agent-1,openai,neutral,Agent-10,claude,neutral,50,1
45,Agent-6,claude,neutral,Agent-11,openai,neutral,50,1
46,Agent-7,claude,neutral,Agent-14,claude,neutral,60,1
46,Agent-2,openai,neutral,Agent-8,openai,neutral,50,1
46,Agent-8,openai,neutral,Agent-2,openai,neutral,50,1
46,Agent-12,claude,neutral,Agent-5,claude,neutral,60,1
46,Agent-14,claude,neutral,Agent-7,claude,neutral,60,1
46,Agent-13,openai,neutral,Agent-3,openai,neutral,50,1
46,Agent-5,claude,neutral,Agent-12,claude,neutral,60,1
46,Agent-4,openai,neutral,Agent-3,openai,neutral,50,1
46,Agent-1,openai,neutral,Agent-9,claude,neutral,50,1
46,Agent-10,claude,neutral,Agent-11,openai,neutral,60,1
46,Agent-16,claude,neutral,Agent-15,openai,neutral,60,1
46,Agent-6,claude,neutral,Agent-11,openai,neutral,60,1
46,Agent-3,openai,neutral,Agent-9,claude,neutral,50,1
46,Agent-15,openai,neutral,Agent-16,claude,neutral,50,1
46,Agent-11,openai,neutral,Agent-6,claude,neutral,60,1
46,Agent-9,claude,neutral,Agent-1,openai,neutral,60,1
47,Agent-16,claude,neutral,Agent-15,openai,neutral,50,1
47,Agent-6,claude,neutral,Agent-15,openai,neutral,60,1
47,Agent-14,claude,neutral,Agent-7,claude,neutral,50,1
47,Agent-5,claude,neutral,Agent-12,claude,neutral,60,1
47,Agent-3,openai,neutral,Agent-4,openai,neutral,60,1
47,Agent-7,claude,neutral,Agent-14,claude,neutral,60,1
47,Agent-9,claude,neutral,Agent-3,openai,neutral,60,1
47,Agent-8,openai,neutral,Agent-1,openai,neutral,50,1
47,Agent-10,claude,neutral,Agent-4,openai,neutral,60,1
47,Agent-1,openai,neutral,Agent-9,claude,neutral,50,1
47,Agent-11,openai,neutral,Agent-6,claude,neutral,60,1
47,Agent-12,claude,neutral,Agent-5,claude,neutral,60,1
47,Agent-2,openai,neutral,Agent-11,openai,neutral,50,1
48,Agent-2,openai,neutral,Agent-11,openai,neutral,50,1
48,Agent-12,claude,neutral,Agent-5,claude,neutral,50,1
48,Agent-14,claude,neutral,Agent-9,claude,neutral,60,1
48,Agent-3,openai,neutral,Agent-10,claude,neutral,60,1
48,Agent-5,claude,neutral,Agent-12,claude,neutral,60,1
48,Agent-13,openai,neutral,Agent-9,claude,neutral,50,1
48,Agent-6,claude,neutral,Agent-15,openai,neutral,60,1
48,Agent-9,claude,neutral,Agent-3,openai,neutral,60,1
48,Agent-7,claude,neutral,Agent-14,claude,neutral,60,1
48,Agent-10,claude,neutral,Agent-3,openai,neutral,60,1
48,Agent-16,claude,neutral,Agent-11,openai,neutral,50,1
48,Agent-11,openai,neutral,Agent-10,claude,neutral,60,1
48,Agent-1,openai,neutral,Agent-8,openai,neutral,50,1
49,Agent-14,claude,neutral,Agent-9,claude,neutral,60,1
49,Agent-7,claude,neutral,Agent-14,claude,neutral,60,1
49,Agent-16,claude,neutral,Agent-15,openai,neutral,50,1
49,Agent-10,claude,neutral,Agent-1,openai,neutral,60,1
49,Agent-9,claude,neutral,Agent-14,claude,neutral,60,1
49,Agent-13,openai,neutral,Agent-9,claude,neutral,50,1
49,Agent-12,claude,neutral,Agent-5,claude,neutral,60,1
49,Agent-6,claude,neutral,Agent-11,openai,neutral,60,1
49,Agent-5,claude,neutral,Agent-12,claude,neutral,60,1
49,Agent-1,openai,neutral,Agent-10,claude,neutral,50,1
49,Agent-15,openai,neutral,Agent-6,claude,neutral,50,1
49,Agent-2,openai,neutral,Agent-11,openai,neutral,50,1
49,Agent-3,openai,neutral,Agent-10,claude,neutral,60,1
49,Agent-4,openai,neutral,Agent-3,openai,neutral,50,1
49,Agent-8,openai,neutral,Agent-1,openai,neutral,60,1
49,Agent-11,openai,neutral,Agent-16,claude,neutral,50,1
50,Agent-10,claude,neutral,Agent-11,openai,neutral,60,1
50,Agent-13,openai,neutral,Agent-9,claude,neutral,50,1
50,Agent-2,openai,neutral,Agent-11,openai,neutral,50,1
50,Agent-5,claude,neutral,Agent-12,claude,neutral,50,1
50,Agent-14,claude,neutral,Agent-7,claude,neutral,50,1
50,Agent-6,claude,neutral,Agent-15,openai,neutral,50,1
50,Agent-15,openai,neutral,Agent-6,claude,neutral,60,1
50,Agent-16,claude,neutral,Agent-15,openai,neutral,50,1
50,Agent-4,openai,neutral,Agent-3,openai,neutral,50,1
50,Agent-7,claude,neutral,Agent-14,claude,neutral,50,1
50,Agent-9,claude,neutral,Agent-14,claude,neutral,60,1
50,Agent-8,openai,neutral,Agent-1,openai,neutral,50,1
50,Agent-12,claude,neutral,Agent-5,claude,neutral,50,1
51,Agent-5,claude,neutral,Agent-12,claude,neutral,60,1
51,Agent-4,openai,neutral,Agent-3,openai,neutral,50,1
51,Agent-7,claude,neutral,Agent-14,claude,neutral,60,1
51,Agent-12,claude,neutral,Agent-5,claude,neutral,60,1
51,Agent-1,openai,neutral,Agent-10,claude,neutral,60,1
51,Agent-2,openai,neutral,Agent-8,openai,neutral,50,1
51,Agent-11,openai,neutral,Agent-6,claude,neutral,50,1
51,Agent-3,openai,neutral,Agent-9,claude,neutral,50,1
51,Agent-14,claude,neutral,Agent-7,claude,neutral,60,1
51,Agent-9,claude,neutral,Agent-16,claude,neutral,60,1
51,Agent-8,openai,neutral,Agent-1,openai,neutral,50,1
51,Agent-16,claude,neutral,Agent-15,openai,neutral,60,1
51,Agent-15,openai,neutral,Agent-6,claude,neutral,60,1
51,Agent-10,claude,neutral,Agent-1,openai,neutral,60,1
51,Agent-6,claude,neutral,Agent-15,openai,neutral,60,1
52,Agent-9,claude,neutral,Agent-1,openai,neutral,50,1
52,Agent-3,openai,neutral,Agent-9,claude,neutral,50,1
52,Agent-4,openai,neutral,Agent-3,openai,neutral,50,1
52,Agent-8,openai,neutral,Agent-1,openai,neutral,50,1
52,Agent-12,claude,neutral,Agent-5,claude,neutral,60,1
52,Agent-11,openai,neutral,Agent-5,claude,neutral,50,1
52,Agent-5,claude,neutral,Agent-12,claude,neutral,60,1
52,Agent-2,openai,neutral,Agent-8,openai,neutral,50,1
52,Agent-15,openai,neutral,Agent-6,claude,neutral,50,1
52,Agent-7,claude,neutral,Agent-14,claude,neutral,50,1
52,Agent-16,claude,neutral,Agent-15,openai,neutral,50,1
52,Agent-6,claude,neutral,Agent-2,openai,neutral,60,1
52,Agent-10,claude,neutral,Agent-4,openai,neutral,60,1
52,Agent-14,claude,neutral,Agent-7,claude,neutral,60,1
52,Agent-13,openai,neutral,Agent-5,claude,neutral,50,1
53,Agent-1,openai,neutral,Agent-9,claude,neutral,60,1
53,Agent-14,claude,neutral,Agent-7,claude,neutral,60,1
53,Agent-9,claude,neutral,Agent-1,openai,neutral,60,1
53,Agent-11,openai,neutral,Agent-6,claude,neutral,50,1
53,Agent-15,openai,neutral,Agent-16,claude,neutral,60,1
53,Agent-8,openai,neutral,Agent-2,openai,neutral,50,1
53,Agent-3,openai,neutral,Agent-9,claude,neutral,50,1
53,Agent-10,claude,neutral,Agent-11,openai,neutral,60,1
53,Agent-7,claude,neutral,Agent-14,claude,neutral,60,1
53,Agent-13,openai,neutral,Agent-5,claude,neutral,50,1
53,Agent-4,openai,neutral,Agent-3,openai,neutral,50,1
53,Agent-6,claude,neutral,Agent-15,openai,neutral,60,1
53,Agent-12,claude,neutral,Agent-5,claude,neutral,50,1
53,Agent-16,claude,neutral,Agent-15,openai,neutral,60,1
53,Agent-5,claude,neutral,Agent-12,claude,neutral,60,1
54,Agent-11,openai,neutral,Agent-6,claude,neutral,50,1
54,Agent-3,openai,neutral,Agent-9,claude,neutral,50,1
54,Agent-1,openai,neutral,Agent-9,claude,neutral,60,1
54,Agent-7,claude,neutral,Agent-14,claude,neutral,60,1
54,Agent-6,claude,neutral,Agent-15,openai,neutral,60,1
54,Agent-12,claude,neutral,Agent-5,claude,neutral,60,1
54,Agent-16,claude,neutral,Agent-15,openai,neutral,50,1
54,Agent-15,openai,neutral,Agent-16,claude,neutral,50,1
54,Agent-9,claude,neutral,Agent-1,openai,neutral,60,1
54,Agent-5,claude,neutral,Agent-12,claude,neutral,60,1
54,Agent-14,claude,neutral,Agent-7,claude,neutral,50,1
54,Agent-13,openai,neutral,Agent-3,openai,neutral,50,1
54,Agent-10,claude,neutral,Agent-11,openai,neutral,50,1
55,Agent-7,claude,neutral,Agent-14,claude,neutral,60,1
55,Agent-8,openai,neutral,Agent-2,openai,neutral,50,1
55,Agent-2,openai,neutral,Agent-8,openai,neutral,50,1
55,Agent-14,claude,neutral,Agent-7,claude,neutral,60,1
55,Agent-15,openai,neutral,Agent-16,claude,neutral,50,1
55,Agent-10,claude,neutral,Agent-11,openai,neutral,60,1
55,Agent-9,claude,neutral,Agent-2,openai,neutral,50,1
55,Agent-12,claude,neutral,Agent-5,claude,neutral,50,1
55,Agent-1,openai,neutral,Agent-9,claude,neutral,60,1
55,Agent-6,claude,neutral,Agent-15,openai,neutral,60,1
55,Agent-4,openai,neutral,Agent-3,openai,neutral,50,1
55,Agent-3,openai,neutral,Agent-4,openai,neutral,60,1
55,Agent-13,openai,neutral,Agent-3,openai,neutral,50,1
55,Agent-5,claude,neutral,Agent-12,claude,neutral,60,1
55,Agent-11,openai,neutral,Agent-10,claude,neutral,60,1
55,Agent-16,claude,neutral,Agent-15,openai,neutral,60,1
56,Agent-3,openai,neutral,Agent-4,openai,neutral,60,1
56,Agent-6,claude,neutral,Agent-15,openai,neutral,50,1
56,Agent-12,claude,neutral,Agent-5,claude,neutral,60,1
56,Agent-2,openai,neutral,Agent-8,openai,neutral,60,1
56,Agent-16,claude,neutral,Agent-15,openai,neutral,60,1
56,Agent-10,claude,neutral,Agent-1,openai,neutral,60,1
56,Agent-11,openai,neutral,Agent-10,claude,neutral,60,1
56,Agent-5,claude,neutral,Agent-12,claude,neutral,60,1
56,Agent-1,openai,neutral,Agent-9,claude,neutral,50,1
56,Agent-7,claude,neutral,Agent-14,claude,neutral,50,1
56,Agent-14,claude,neutral,Agent-7,claude,neutral,60,1
56,Agent-9,claude,neutral,Agent-2,openai,neutral,60,1
57,Agent-5,claude,neutral,Agent-12,claude,neutral,60,1
57,Agent-12,claude,neutral,Agent-5,claude,neutral,60,1
57,Agent-3,openai,neutral,Agent-13,openai,neutral,60,1
57,Agent-9,claude,neutral,Agent-1,openai,neutral,60,1
57,Agent-7,claude,neutral,Agent-14,claude,neutral,60,1
57,Agent-16,claude,neutral,Agent-15,openai,neutral,60,1
57,Agent-2,openai,neutral,Agent-8,openai,neutral,60,1
57,Agent-15,openai,neutral,Agent-6,claude,neutral,60,1
57,Agent-4,openai,neutral,Agent-8,openai,neutral,50,1
57,Agent-14,claude,neutral,Agent-7,claude,neutral,60,1
57,Agent-10,claude,neutral,Agent-1,openai,neutral,60,1
57,Agent-6,claude,neutral,Agent-15,openai,neutral,60,1
58,Agent-10,claude,neutral,Agent-1,openai,neutral,60,1
58,Agent-11,openai,neutral,Agent-10,claude,neutral,50,1
58,Agent-5,claude,neutral,Agent-12,claude,neutral,60,1
58,Agent-12,claude,neutral,Agent-5,claude,neutral,50,1
58,Agent-1,openai,neutral,Agent-10,claude,neutral,50,1
58,Agent-7,claude,neutral,Agent-14,claude,neutral,60,1
58,Agent-15,openai,neutral,Agent-6,claude,neutral,60,1
58,Agent-4,openai,neutral,Agent-9,claude,neutral,60,1
58,Agent-9,claude,neutral,Agent-1,openai,neutral,60,1
58,Agent-6,claude,neutral,Agent-15,openai,neutral,60,1
58,Agent-3,openai,neutral,Agent-13,openai,neutral,60,1
58,Agent-14,claude,neutral,Agent-7,claude,neutral,50,1
58,Agent-16,claude,neutral,Agent-15,openai,neutral,60,1
59,Agent-15,openai,neutral,Agent-6,claude,neutral,60,1
59,Agent-14,claude,neutral,Agent-7,claude,neutral,60,1
59,Agent-13,openai,neutral,Agent-3,openai,neutral,60,1
59,Agent-4,openai,neutral,Agent-9,claude,neutral,60,1
59,Agent-3,openai,neutral,Agent-13,openai,neutral,60,1
59,Agent-10,claude,neutral,Agent-12,claude,neutral,60,1
59,Agent-16,claude,neutral,Agent-15,openai,neutral,50,1
59,Agent-5,claude,neutral,Agent-12,claude,neutral,60,1
59,Agent-2,openai,neutral,Agent-6,claude,neutral,50,1
59,Agent-9,claude,neutral,Agent-14,claude,neutral,60,1
59,Agent-12,claude,neutral,Agent-5,claude,neutral,60,1
59,Agent-6,claude,neutral,Agent-15,openai,neutral,60,1
59,Agent-7,claude,neutral,Agent-14,claude,neutral,60,1
59,Agent-1,openai,neutral,Agent-9,claude,neutral,60,1
60,Agent-10,claude,neutral,Agent-11,openai,neutral,50,1
60,Agent-9,claude,neutral,Agent-3,openai,neutral,60,1
60,Agent-5,claude,neutral,Agent-12,claude,neutral,60,1
60,Agent-1,openai,neutral,Agent-10,claude,neutral,50,1
60,Agent-13,openai,neutral,Agent-3,openai,neutral,60,1
60,Agent-4,openai,neutral,Agent-8,openai,neutral,50,1
60,Agent-15,openai,neutral,Agent-16,claude,neutral,50,1
60,Agent-12,claude,neutral,Agent-5,claude,neutral,60,1
60,Agent-11,openai,neutral,Agent-10,claude,neutral,50,1
60,Agent-7,claude,neutral,Agent-14,claude,neutral,50,1
60,Agent-14,claude,neutral,Agent-9,claude,neutral,60,1
60,Agent-3,openai,neutral,Agent-13,openai,neutral,60,1
60,Agent-16,claude,neutral,Agent-15,openai,neutral,60,1
60,Agent-2,openai,neutral,Agent-6,claude,neutral,50,1
61,Agent-9,claude,neutral,Agent-2,openai,neutral,50,1
61,Agent-16,claude,neutral,Agent-15,openai,neutral,60,1
61,Agent-6,claude,neutral,Agent-2,openai,neutral,60,1
61,Agent-5,claude,neutral,Agent-12,claude,neutral,60,1
61,Agent-14,claude,neutral,Agent-7,claude,neutral,60,1
61,Agent-13,openai,neutral,Agent-3,openai,neutral,60,1
61,Agent-1,openai,neutral,Agent-9,claude,neutral,60,1
61,Agent-15,openai,neutral,Agent-16,claude,neutral,50,1
61,Agent-11,openai,neutral,Agent-10,claude,neutral,60,1
61,Agent-10,claude,neutral,Agent-11,openai,neutral,60,1
61,Agent-12,claude,neutral,Agent-5,claude,neutral,50,1
61,Agent-7,claude,neutral,Agent-14,claude,neutral,60,1
62,Agent-2,openai,neutral,Agent-9,claude,neutral,60,1
62,Agent-4,openai,neutral,Agent-8,openai,neutral,50,1
62,Agent-5,claude,neutral,Agent-12,claude,neutral,60,1
62,Agent-6,claude,neutral,Agent-2,openai,neutral,50,1
62,Agent-7,claude,neutral,Agent-14,claude,neutral,50,1
62,Agent-15,openai,neutral,Agent-16,claude,neutral,60,1
62,Agent-16,claude,neutral,Agent-15,openai,neutral,60,1
62,Agent-14,claude,neutral,Agent-9,claude,neutral,50,1
62,Agent-9,claude,neutral,Agent-2,openai,neutral,60,1
62,Agent-10,claude,neutral,Agent-1,openai,neutral,60,1
62,Agent-12,claude,neutral,Agent-5,claude,neutral,60,1
63,Agent-6,claude,neutral,Agent-2,openai,neutral,60,1
63,Agent-13,openai,neutral,Agent-3,openai,neutral,60,1
63,Agent-5,claude,neutral,Agent-12,claude,neutral,60,1
63,Agent-9,claude,neutral,Agent-14,claude,neutral,60,1
63,Agent-4,openai,neutral,Agent-3,openai,neutral,50,1
63,Agent-1,openai,neutral,Agent-9,claude,neutral,50,1
63,Agent-10,claude,neutral,Agent-1,openai,neutral,60,1
63,Agent-12,claude,neutral,Agent-5,claude,neutral,50,1
63,Agent-16,claude,neutral,Agent-15,openai,neutral,50,1
63,Agent-14,claude,neutral,Agent-7,claude,neutral,60,1
63,Agent-7,claude,neutral,Agent-14,claude,neutral,60,1
63,Agent-15,openai,neutral,Agent-16,claude,neutral,60,1
63,Agent-2,openai,neutral,Agent-9,claude,neutral,60,1
64,Agent-12,claude,neutral,Agent-5,claude,neutral,60,1
64,Agent-9,claude,neutral,Agent-1,openai,neutral,60,1
64,Agent-14,claude,neutral,Agent-9,claude,neutral,60,1
64,Agent-11,openai,neutral,Agent-8,openai,neutral,50,1
64,Agent-4,openai,neutral,Agent-8,openai,neutral,50,1
64,Agent-16,claude,neutral,Agent-15,openai,neutral,60,1
64,Agent-2,openai,neutral,Agent-6,claude,neutral,50,1
64,Agent-1,openai,neutral,Agent-9,claude,neutral,50,1
64,Agent-5,claude,neutral,Agent-12,claude,neutral,60,1
64,Agent-7,claude,neutral,Agent-14,claude,neutral,60,1
64,Agent-13,openai,neutral,Agent-3,openai,neutral,60,1
64,Agent-10,claude,neutral,Agent-1,openai,neutral,60,1
64,Agent-6,claude,neutral,Agent-2,openai,neutral,60,1
65,Agent-5,claude,neutral,Agent-12,claude,neutral,60,1
65,Agent-4,openai,neutral,Agent-3,openai,neutral,50,1
65,Agent-13,openai,neutral,Agent-3,openai,neutral,1,1
65,Agent-14,claude,neutral,Agent-7,claude,neutral,50,1
65,Agent-2,openai,neutral,Agent-6,claude,neutral,50,1
65,Agent-11,openai,neutral,Agent-8,openai,neutral,50,1
65,Agent-9,claude,neutral,Agent-1,openai,neutral,60,1
65,Agent-8,openai,neutral,Agent-11,openai,neutral,60,1
65,Agent-6,claude,neutral,Agent-2,openai,neutral,60,1
65,Agent-12,claude,neutral,Agent-5,claude,neutral,50,1
65,Agent-1,openai,neutral,Agent-9,claude,neutral,50,1
65,Agent-15,openai,neutral,Agent-7,claude,neutral,50,1
65,Agent-7,claude,neutral,Agent-15,openai,neutral,50,1
65,Agent-10,claude,neutral,Agent-1,openai,neutral,60,1
66,Agent-4,openai,neutral,Agent-3,openai,neutral,50,1
66,Agent-7,claude,neutral,Agent-15,openai,neutral,60,1
66,Agent-12,claude,neutral,Agent-5,claude,neutral,60,1
66,Agent-9,claude,neutral,Agent-1,openai,neutral,60,1
66,Agent-16,claude,neutral,Agent-15,openai,neutral,10,1
66,Agent-11,openai,neutral,Agent-5,claude,neutral,50,1
66,Agent-6,claude,neutral,Agent-2,openai,neutral,60,1
66,Agent-10,claude,neutral,Agent-1,openai,neutral,60,1
66,Agent-5,claude,neutral,Agent-12,claude,neutral,60,1
66,Agent-13,openai,neutral,Agent-3,openai,neutral,1,1
66,Agent-2,openai,neutral,Agent-6,claude,neutral,50,1
66,Agent-15,openai,neutral,Agent-7,claude,neutral,60,1
66,Agent-14,claude,neutral,Agent-7,claude,neutral,60,1
66,Agent-1,openai,neutral,Agent-10,claude,neutral,60,1
66,Agent-8,openai,neutral,Agent-11,openai,neutral,60,1
67,Agent-7,claude,neutral,Agent-14,claude,neutral,50,1
67,Agent-8,openai,neutral,Agent-5,claude,neutral,50,1
67,Agent-14,claude,neutral,Agent-9,claude,neutral,50,1
67,Agent-15,openai,neutral,Agent-7,claude,neutral,60,1
67,Agent-2,openai,neutral,Agent-6,claude,neutral,50,1
67,Agent-10,claude,neutral,Agent-1,openai,neutral,60,1
67,Agent-1,openai,neutral,Agent-10,claude,neutral,60,1
67,Agent-11,openai,neutral,Agent-5,claude,neutral,50,1
67,Agent-4,openai,neutral,Agent-3,openai,neutral,50,1
67,Agent-6,claude,neutral,Agent-2,openai,neutral,60,1
67,Agent-9,claude,neutral,Agent-1,openai,neutral,60,1
67,Agent-5,claude,neutral,Agent-11,openai,neutral,60,1
67,Agent-12,claude,neutral,Agent-5,claude,neutral,50,1
68,Agent-7,claude,neutral,Agent-14,claude,neutral,60,1
68,Agent-1,openai,neutral,Agent-10,claude,neutral,60,1
68,Agent-12,claude,neutral,Agent-5,claude,neutral,60,1
68,Agent-2,openai,neutral,Agent-9,claude,neutral,50,1
68,Agent-10,claude,neutral,Agent-1,openai,neutral,50,1
68,Agent-9,claude,neutral,Agent-14,claude,neutral,60,1
68,Agent-11,openai,neutral,Agent-5,claude,neutral,50,1
68,Agent-15,openai,neutral,Agent-7,claude,neutral,60,1
68,Agent-14,claude,neutral,Agent-7,claude,neutral,60,1
68,Agent-3,openai,neutral,Agent-13,openai,neutral,60,1
68,Agent-6,claude,neutral,Agent-2,openai,neutral,60,1
68,Agent-8,openai,neutral,Agent-5,claude,neutral,60,1
69,Agent-14,claude,neutral,Agent-9,claude,neutral,50,1
69,Agent-13,openai,neutral,Agent-11,openai,neutral,20,1
69,Agent-9,claude,neutral,Agent-2,openai,neutral,60,1
69,Agent-11,openai,neutral,Agent-13,openai,neutral,50,1
69,Agent-7,claude,neutral,Agent-15,openai,neutral,50,1
69,Agent-3,openai,neutral,Agent-13,openai,neutral,60,1
69,Agent-5,claude,neutral,Agent-8,openai,neutral,60,1
69,Agent-2,openai,neutral,Agent-9,claude,neutral,50,1
69,Agent-6,claude,neutral,Agent-2,openai,neutral,60,1
69,Agent-10,claude,neutral,Agent-1,openai,neutral,60,1
69,Agent-12,claude,neutral,Agent-5,claude,neutral,50,1
69,Agent-8,openai,neutral,Agent-4,openai,neutral,50,1
69,Agent-15,openai,neutral,Agent-7,claude,neutral,50,1
69,Agent-1,openai,neutral,Agent-10,claude,neutral,60,1
70,Agent-1,openai,neutral,Agent-10,claude,neutral,60,1
70,Agent-11,openai,neutral,Agent-5,claude,neutral,50,1
70,Agent-14,claude,neutral,Agent-9,claude,neutral,60,1
70,Agent-3,openai,neutral,Agent-4,openai,neutral,50,1
70,Agent-10,claude,neutral,Agent-1,openai,neutral,50,1
70,Agent-5,claude,neutral,Agent-12,claude,neutral,60,1
70,Agent-2,openai,neutral,Agent-9,claude,neutral,50,1
70,Agent-12,claude,neutral,Agent-5,claude,neutral,60,1
70,Agent-7,claude,neutral,Agent-15,openai,neutral,60,1
70,Agent-13,openai,neutral,Agent-11,openai,neutral,60,1
70,Agent-6,claude,neutral,Agent-2,openai,neutral,60,1
70,Agent-8,openai,neutral,Agent-4,openai,neutral,50,1
70,Agent-15,openai,neutral,Agent-13,openai,neutral,50,1
70,Agent-9,claude,neutral,Agent-14,claude,neutral,60,1
71,Agent-5,claude,neutral,Agent-11,openai,neutral,60,1
71,Agent-6,claude,neutral,Agent-2,openai,neutral,60,1
71,Agent-7,claude,neutral,Agent-15,openai,neutral,60,1
71,Agent-8,openai,neutral,Agent-5,claude,neutral,50,1
71,Agent-9,claude,neutral,Agent-1,openai,neutral,60,1
71,Agent-10,claude,neutral,Agent-1,openai,neutral,60,1
71,Agent-13,openai,neutral,Agent-11,openai,neutral,60,1
71,Agent-14,claude,neutral,Agent-9,claude,neutral,60,1
71,Agent-1,openai,neutral,Agent-10,claude,neutral,60,1
71,Agent-11,openai,neutral,Agent-5,claude,neutral,50,1
71,Agent-3,openai,neutral,Agent-4,openai,neutral,50,1
71,Agent-12,claude,neutral,Agent-5,claude,neutral,50,1
71,Agent-15,openai,neutral,Agent-13,openai,neutral,50,1
72,Agent-13,openai,neutral,Agent-11,openai,neutral,60,1
72,Agent-1,openai,neutral,Agent-9,claude,neutral,50,1
72,Agent-6,claude,neutral,Agent-2,openai,neutral,60,1
72,Agent-5,claude,neutral,Agent-12,claude,neutral,60,1
72,Agent-7,claude,neutral,Agent-14,claude,neutral,50,1
72,Agent-3,openai,neutral,Agent-4,openai,neutral,50,1
72,Agent-14,claude,neutral,Agent-9,claude,neutral,60,1
72,Agent-15,openai,neutral,Agent-13,openai,neutral,50,1
72,Agent-10,claude,neutral,Agent-1,openai,neutral,50,1
72,Agent-2,openai,neutral,Agent-6,claude,neutral,50,1
72,Agent-12,claude,neutral,Agent-5,claude,neutral,60,1
72,Agent-9,claude,neutral,Agent-1,openai,neutral,50,1
73,Agent-13,openai,neutral,Agent-15,openai,neutral,60,1
73,Agent-1,openai,neutral,Agent-10,claude,neutral,60,1
73,Agent-8,openai,neutral,Agent-5,claude,neutral,60,1
73,Agent-2,openai,neutral,Agent-6,claude,neutral,50,1
73,Agent-11,openai,neutral,Agent-5,claude,neutral,50,1
73,Agent-6,claude,neutral,Agent-2,openai,neutral,50,1
73,Agent-10,claude,neutral,Agent-1,openai,neutral,60,1
73,Agent-15,openai,neutral,Agent-7,claude,neutral,50,1
73,Agent-9,claude,neutral,Agent-1,openai,neutral,60,1
73,Agent-12,claude,neutral,Agent-5,claude,neutral,50,1
73,Agent-4,openai,neutral,Agent-3,openai,neutral,50,1
73,Agent-5,claude,neutral,Agent-8,openai,neutral,60,1
73,Agent-14,claude,neutral,Agent-7,claude,neutral,60,1
73,Agent-7,claude,neutral,Agent-14,claude,neutral,60,1
74,Agent-14,claude,neutral,Agent-7,claude,neutral,60,1
74,Agent-13,openai,neutral,Agent-3,openai,neutral,50,1
74,Agent-2,openai,neutral,Agent-6,claude,neutral,50,1
74,Agent-5,claude,neutral,Agent-12,claude,neutral,60,1
74,Agent-1,openai,neutral,Agent-10,claude,neutral,50,1
74,Agent-11,openai,neutral,Agent-5,claude,neutral,60,1
74,Agent-12,claude,neutral,Agent-5,claude,neutral,60,1
74,Agent-6,claude,neutral,Agent-2,openai,neutral,60,1
74,Agent-9,claude,neutral,Agent-14,claude,neutral,50,1
74,Agent-15,openai,neutral,Agent-7,claude,neutral,60,1
74,Agent-10,claude,neutral,Agent-1,openai,neutral,50,1
74,Agent-4,openai,neutral,Agent-8,openai,neutral,50,1
74,Agent-7,claude,neutral,Agent-14,claude,neutral,60,1
75,Agent-1,openai,neutral,Agent-9,claude,neutral,60,1
75,Agent-5,claude,neutral,Agent-11,openai,neutral,60,1
75,Agent-7,claude,neutral,Agent-15,openai,neutral,60,1
75,Agent-2,openai,neutral,Agent-6,claude,neutral,50,1
75,Agent-13,openai,neutral,Agent-15,openai,neutral,48,1
75,Agent-14,claude,neutral,Agent-9,claude,neutral,60,1
75,Agent-9,claude,neutral,Agent-14,claude,neutral,50,1
75,Agent-12,claude,neutral,Agent-5,claude,neutral,50,1
75,Agent-15,openai,neutral,Agent-7,claude,neutral,60,1
75,Agent-10,claude,neutral,Agent-1,openai,neutral,60,1
75,Agent-8,openai,neutral,Agent-4,openai,neutral,60,1
75,Agent-6,claude,neutral,Agent-2,openai,neutral,60,1
75,Agent-11,openai,neutral,Agent-13,openai,neutral,60,1
76,Agent-12,claude,neutral,Agent-5,claude,neutral,60,1
76,Agent-2,openai,neutral,Agent-6,claude,neutral,50,1
76,Agent-9,claude,neutral,Agent-14,claude,neutral,60,1
76,Agent-5,claude,neutral,Agent-12,claude,neutral,60,1
76,Agent-10,claude,neutral,Agent-1,openai,neutral,50,1
76,Agent-15,openai,neutral,Agent-7,claude,neutral,60,1
76,Agent-6,claude,neutral,Agent-2,openai,neutral,60,1
76,Agent-11,openai,neutral,Agent-13,openai,neutral,50,1
76,Agent-8,openai,neutral,Agent-4,openai,neutral,50,1
76,Agent-13,openai,neutral,Agent-3,openai,neutral,50,1
76,Agent-7,claude,neutral,Agent-14,claude,neutral,60,1
76,Agent-4,openai,neutral,Agent-3,openai,neutral,50,1
76,Agent-14,claude,neutral,Agent-9,claude,neutral,60,1
77,Agent-6,claude,neutral,Agent-2,openai,neutral,60,1
77,Agent-13,openai,neutral,Agent-15,openai,neutral,50,1
77,Agent-2,openai,neutral,Agent-6,claude,neutral,50,1
77,Agent-1,openai,neutral,Agent-9,claude,neutral,50,1
77,Agent-12,claude,neutral,Agent-5,claude,neutral,60,1
77,Agent-11,openai,neutral,Agent-13,openai,neutral,60,1
77,Agent-7,claude,neutral,Agent-14,claude,neutral,60,1
77,Agent-9,claude,neutral,Agent-14,claude,neutral,50,1
77,Agent-15,openai,neutral,Agent-13,openai,neutral,60,1
77,Agent-10,claude,neutral,Agent-1,openai,neutral,60,1
77,Agent-5,claude,neutral,Agent-11,openai,neutral,60,1
77,Agent-4,openai,neutral,Agent-8,openai,neutral,60,1
77,Agent-14,claude,neutral,Agent-7,claude,neutral,60,1
78,Agent-1,openai,neutral,Agent-9,claude,neutral,50,1
78,Agent-15,openai,neutral,Agent-13,openai,neutral,60,1
78,Agent-4,openai,neutral,Agent-3,openai,neutral,60,1
78,Agent-14,claude,neutral,Agent-9,claude,neutral,60,1
78,Agent-6,claude,neutral,Agent-2,openai,neutral,60,1
78,Agent-9,claude,neutral,Agent-14,claude,neutral,60,1
78,Agent-8,openai,neutral,Agent-4,openai,neutral,50,1
78,Agent-2,openai,neutral,Agent-6,claude,neutral,50,1
78,Agent-12,claude,neutral,Agent-5,claude,neutral,60,1
78,Agent-5,claude,neutral,Agent-12,claude,neutral,60,1
78,Agent-11,openai,neutral,Agent-13,openai,neutral,60,1
78,Agent-7,claude,neutral,Agent-14,claude,neutral,50,1
78,Agent-10,claude,neutral,Agent-1,openai,neutral,60,1
79,Agent-12,claude,neutral,Agent-5,claude,neutral,50,1
79,Agent-1,openai,neutral,Agent-9,claude,neutral,60,1
79,Agent-5,claude,neutral,Agent-12,claude,neutral,60,1
79,Agent-13,openai,neutral,Agent-3,openai,neutral,50,1
79,Agent-2,openai,neutral,Agent-6,claude,neutral,50,1
79,Agent-9,claude,neutral,Agent-14,claude,neutral,50,1
79,Agent-8,openai,neutral,Agent-4,openai,neutral,60,1
79,Agent-14,claude,neutral,Agent-7,claude,neutral,60,1
79,Agent-4,openai,neutral,Agent-3,openai,neutral,50,1
79,Agent-3,openai,neutral,Agent-4,openai,neutral,60,1
79,Agent-10,claude,neutral,Agent-1,openai,neutral,50,1
79,Agent-6,claude,neutral,Agent-2,openai,neutral,60,1
79,Agent-7,claude,neutral,Agent-15,openai,neutral,60,1
80,Agent-7,claude,neutral,Agent-14,claude,neutral,60,1
80,Agent-9,claude,neutral,Agent-14,claude,neutral,50,1
80,Agent-10,claude,neutral,Agent-1,openai,neutral,60,1
80,Agent-4,openai,neutral,Agent-8,openai,neutral,60,1
80,Agent-12,claude,neutral,Agent-5,claude,neutral,60,1
80,Agent-5,claude,neutral,Agent-12,claude,neutral,60,1
80,Agent-11,openai,neutral,Agent-5,claude,neutral,50,1
80,Agent-6,claude,neutral,Agent-2,openai,neutral,60,1
80,Agent-8,openai,neutral,Agent-4,openai,neutral,60,1
80,Agent-1,openai,neutral,Agent-9,claude,neutral,60,1
80,Agent-13,openai,neutral,Agent-15,openai,neutral,50,1
80,Agent-14,claude,neutral,Agent-7,claude,neutral,60,1
80,Agent-15,openai,neutral,Agent-13,openai,neutral,60,1
81,Agent-14,claude,neutral,Agent-9,claude,neutral,60,1
81,Agent-4,openai,neutral,Agent-3,openai,neutral,50,1
81,Agent-9,claude,neutral,Agent-14,claude,neutral,50,1
81,Agent-10,claude,neutral,Agent-1,openai,neutral,60,1
81,Agent-11,openai,neutral,Agent-5,claude,neutral,60,1
81,Agent-13,openai,neutral,Agent-15,openai,neutral,50,1
81,Agent-3,openai,neutral,Agent-4,openai,neutral,60,1
81,Agent-6,claude,neutral,Agent-2,openai,neutral,60,1
81,Agent-1,openai,neutral,Agent-10,claude,neutral,60,1
81,Agent-7,claude,neutral,Agent-14,claude,neutral,60,1
81,Agent-12,claude,neutral,Agent-5,claude,neutral,60,1
81,Agent-5,claude,neutral,Agent-11,openai,neutral,50,1
81,Agent-15,openai,neutral,Agent-13,openai,neutral,60,1
82,Agent-9,claude,neutral,Agent-14,claude,neutral,50,1
82,Agent-4,openai,neutral,Agent-3,openai,neutral,60,1
82,Agent-10,claude,neutral,Agent-1,openai,neutral,60,1
82,Agent-2,openai,neutral,Agent-6,claude,neutral,60,1
82,Agent-14,claude,neutral,Agent-9,claude,neutral,60,1
82,Agent-6,claude,neutral,Agent-2,openai,neutral,60,1
82,Agent-7,claude,neutral,Agent-14,claude,neutral,60,1
82,Agent-12,claude,neutral,Agent-5,claude,neutral,60,1
82,Agent-11,openai,neutral,Agent-5,claude,neutral,60,1
82,Agent-3,openai,neutral,Agent-4,openai,neutral,60,1
82,Agent-5,claude,neutral,Agent-12,claude,neutral,60,1
82,Agent-13,openai,neutral,Agent-11,openai,neutral,50,1
83,Agent-7,claude,neutral,Agent-14,claude,neutral,50,1
83,Agent-2,openai,neutral,Agent-6,claude,neutral,60,1
83,Agent-6,claude,neutral,Agent-2,openai,neutral,60,1
83,Agent-5,claude,neutral,Agent-11,openai,neutral,60,1
83,Agent-13,openai,neutral,Agent-11,openai,neutral,60,1
83,Agent-8,openai,neutral,Agent-4,openai,neutral,60,1
83,Agent-1,openai,neutral,Agent-10,claude,neutral,50,1
83,Agent-3,openai,neutral,Agent-4,openai,neutral,60,1
83,Agent-11,openai,neutral,Agent-5,claude,neutral,60,1
83,Agent-12,claude,neutral,Agent-5,claude,neutral,50,1
83,Agent-10,claude,neutral,Agent-1,openai,neutral,50,1
83,Agent-14,claude,neutral,Agent-9,claude,neutral,60,1
84,Agent-7,claude,neutral,Agent-14,claude,neutral,50,1
84,Agent-10,claude,neutral,Agent-1,openai,neutral,60,1
84,Agent-11,openai,neutral,Agent-5,claude,neutral,50,1
84,Agent-1,openai,neutral,Agent-10,claude,neutral,60,1
84,Agent-14,claude,neutral,Agent-7,claude,neutral,60,1
84,Agent-12,claude,neutral,Agent-5,claude,neutral,50,1
84,Agent-5,claude,neutral,Agent-12,claude,neutral,60,1
84,Agent-6,claude,neutral,Agent-2,openai,neutral,60,1
84,Agent-9,claude,neutral,Agent-14,claude,neutral,50,1
85,Agent-12,claude,neutral,Agent-5,claude,neutral,60,1
85,Agent-14,claude,neutral,Agent-7,claude,neutral,60,1
85,Agent-10,claude,neutral,Agent-1,openai,neutral,60,1
85,Agent-5,claude,neutral,Agent-12,claude,neutral,60,1
85,Agent-4,openai,neutral,Agent-8,openai,neutral,60,1
85,Agent-6,claude,neutral,Agent-2,openai,neutral,60,1
85,Agent-9,claude,neutral,Agent-14,claude,neutral,60,1
85,Agent-2,openai,neutral,Agent-6,claude,neutral,60,1
85,Agent-1,openai,neutral,Agent-13,openai,neutral,50,1
85,Agent-7,claude,neutral,Agent-14,claude,neutral,60,1
85,Agent-11,openai,neutral,Agent-13,openai,neutral,60,1
85,Agent-13,openai,neutral,Agent-1,openai,neutral,50,1
86,Agent-14,claude,neutral,Agent-7,claude,neutral,60,1
86,Agent-12,claude,neutral,Agent-5,claude,neutral,50,1
86,Agent-3,openai,neutral,Agent-4,openai,neutral,30,1
86,Agent-1,openai,neutral,Agent-13,openai,neutral,50,1
86,Agent-6,claude,neutral,Agent-2,openai,neutral,50,1
86,Agent-10,claude,neutral,Agent-1,openai,neutral,50,1
86,Agent-9,claude,neutral,Agent-14,claude,neutral,50,1
86,Agent-11,openai,neutral,Agent-13,openai,neutral,60,1
86,Agent-8,openai,neutral,Agent-4,openai,neutral,60,1
86,Agent-13,openai,neutral,Agent-1,openai,neutral,50,1
86,Agent-7,claude,neutral,Agent-14,claude,neutral,50,1
86,Agent-2,openai,neutral,Agent-6,claude,neutral,60,1
86,Agent-5,claude,neutral,Agent-11,openai,neutral,60,1
87,Agent-5,claude,neutral,Agent-12,claude,neutral,60,1
87,Agent-12,claude,neutral,Agent-5,claude,neutral,60,1
87,Agent-10,claude,neutral,Agent-1,openai,neutral,60,1
87,Agent-9,claude,neutral,Agent-14,claude,neutral,60,1
87,Agent-14,claude,neutral,Agent-7,claude,neutral,60,1
87,Agent-6,claude,neutral,Agent-2,openai,neutral,60,1
87,Agent-1,openai,neutral,Agent-10,claude,neutral,60,1
87,Agent-11,openai,neutral,Agent-13,openai,neutral,60,1
87,Agent-2,openai,neutral,Agent-6,claude,neutral,60,1
87,Agent-3,openai,neutral,Agent-4,openai,neutral,60,1
87,Agent-4,openai,neutral,Agent-3,openai,neutral,30,1
87,Agent-7,claude,neutral,Agent-14,claude,neutral,60,1
87,Agent-8,openai,neutral,Agent-4,openai,neutral,60,1
88,Agent-14,claude,neutral,Agent-7,claude,neutral,60,1
88,Agent-9,claude,neutral,Agent-14,claude,neutral,50,1
88,Agent-12,claude,neutral,Agent-5,claude,neutral,50,1
88,Agent-2,openai,neutral,Agent-6,claude,neutral,50,1
88,Agent-10,claude,neutral,Agent-1,openai,neutral,50,1
88,Agent-7,claude,neutral,Agent-14,claude,neutral,50,1
88,Agent-3,openai,neutral,Agent-15,openai,neutral,30,1
88,Agent-6,claude,neutral,Agent-2,openai,neutral,60,1
88,Agent-15,openai,neutral,Agent-5,claude,neutral,50,1
88,Agent-5,claude,neutral,Agent-12,claude,neutral,60,1
88,Agent-1,openai,neutral,Agent-10,claude,neutral,60,1
89,Agent-10,claude,neutral,Agent-1,openai,neutral,60,1
89,Agent-12,claude,neutral,Agent-5,claude,neutral,50,1
89,Agent-4,openai,neutral,Agent-3,openai,neutral,30,1
89,Agent-15,openai,neutral,Agent-5,claude,neutral,50,1
89,Agent-14,claude,neutral,Agent-9,claude,neutral,60,1
89,Agent-6,claude,neutral,Agent-2,openai,neutral,60,1
89,Agent-13,openai,neutral,Agent-11,openai,neutral,50,1
89,Agent-7,claude,neutral,Agent-14,claude,neutral,50,1
89,Agent-2,openai,neutral,Agent-6,claude,neutral,60,1
89,Agent-1,openai,neutral,Agent-10,claude,neutral,60,1
89,Agent-5,claude,neutral,Agent-12,claude,neutral,60,1
89,Agent-9,claude,neutral,Agent-14,claude,neutral,60,1
89,Agent-11,openai,neutral,Agent-13,openai,neutral,50,1
90,Agent-4,openai,neutral,Agent-3,openai,neutral,30,1
90,Agent-14,claude,neutral,Agent-7,claude,neutral,60,1
90,Agent-1,openai,neutral,Agent-10,claude,neutral,50,1
90,Agent-10,claude,neutral,Agent-1,openai,neutral,50,1
90,Agent-11,openai,neutral,Agent-8,openai,neutral,50,1
90,Agent-12,claude,neutral,Agent-5,claude,neutral,50,1
90,Agent-5,claude,neutral,Agent-12,claude,neutral,60,1
90,Agent-8,openai,neutral,Agent-4,openai,neutral,60,1
90,Agent-9,claude,neutral,Agent-14,claude,neutral,50,1
90,Agent-7,claude,neutral,Agent-14,claude,neutral,50,1
90,Agent-6,claude,neutral,Agent-2,openai,neutral,60,1
91,Agent-6,claude,neutral,Agent-2,openai,neutral,60,1
91,Agent-12,claude,neutral,Agent-5,claude,neutral,60,1
91,Agent-2,openai,neutral,Agent-6,claude,neutral,50,1
91,Agent-4,openai,neutral,Agent-8,openai,neutral,60,1
91,Agent-13,openai,neutral,Agent-1,openai,neutral,50,1
91,Agent-9,claude,neutral,Agent-14,claude,neutral,50,1
91,Agent-7,claude,neutral,Agent-14,claude,neutral,50,1
91,Agent-8,openai,neutral,Agent-11,openai,neutral,50,1
91,Agent-5,claude,neutral,Agent-12,claude,neutral,60,1
91,Agent-14,claude,neutral,Agent-9,claude,neutral,60,1
91,Agent-1,openai,neutral,Agent-13,openai,neutral,60,1
91,Agent-3,openai,neutral,Agent-1,openai,neutral,50,1
91,Agent-10,claude,neutral,Agent-1,openai,neutral,50,1
91,Agent-11,openai,neutral,Agent-13,openai,neutral,50,1
92,Agent-4,openai,neutral,Agent-8,openai,neutral,30,1
92,Agent-5,claude,neutral,Agent-12,claude,neutral,60,1
92,Agent-2,openai,neutral,Agent-6,claude,neutral,50,1
92,Agent-14,claude,neutral,Agent-9,claude,neutral,60,1
92,Agent-6,claude,neutral,Agent-2,openai,neutral,60,1
92,Agent-9,claude,neutral,Agent-14,claude,neutral,60,1
92,Agent-11,openai,neutral,Agent-13,openai,neutral,50,1
92,Agent-8,openai,neutral,Agent-15,openai,neutral,30,1
92,Agent-10,claude,neutral,Agent-1,openai,neutral,60,1
92,Agent-13,openai,neutral,Agent-1,openai,neutral,50,1
92,Agent-7,claude,neutral,Agent-14,claude,neutral,60,1
92,Agent-12,claude,neutral,Agent-5,claude,neutral,60,1
92,Agent-15,openai,neutral,Agent-6,claude,neutral,60,1
93,Agent-13,openai,neutral,Agent-1,openai,neutral,50,1
93,Agent-10,claude,neutral,Agent-1,openai,neutral,50,1
93,Agent-12,claude,neutral,Agent-5,claude,neutral,50,1
93,Agent-9,claude,neutral,Agent-14,claude,neutral,50,1
93,Agent-7,claude,neutral,Agent-14,claude,neutral,50,1
93,Agent-5,claude,neutral,Agent-12,claude,neutral,60,1
93,Agent-8,openai,neutral,Agent-15,openai,neutral,30,1
93,Agent-3,openai,neutral,Agent-1,openai,neutral,50,1
93,Agent-2,openai,neutral,Agent-6,claude,neutral,50,1
93,Agent-14,claude,neutral,Agent-7,claude,neutral,60,1
93,Agent-6,claude,neutral,Agent-2,openai,neutral,50,1
93,Agent-4,openai,neutral,Agent-3,openai,neutral,30,1
93,Agent-11,openai,neutral,Agent-8,openai,neutral,50,1
94,Agent-8,openai,neutral,Agent-15,openai,neutral,30,1
94,Agent-14,claude,neutral,Agent-9,claude,neutral,60,1
94,Agent-11,openai,neutral,Agent-8,openai,neutral,50,1
94,Agent-13,openai,neutral,Agent-1,openai,neutral,50,1
94,Agent-12,claude,neutral,Agent-5,claude,neutral,50,1
94,Agent-9,claude,neutral,Agent-14,claude,neutral,60,1
94,Agent-1,openai,neutral,Agent-3,openai,neutral,50,1
94,Agent-5,claude,neutral,Agent-12,claude,neutral,60,1
94,Agent-3,openai,neutral,Agent-1,openai,neutral,50,1
94,Agent-10,claude,neutral,Agent-1,openai,neutral,60,1
94,Agent-2,openai,neutral,Agent-6,claude,neutral,60,1
94,Agent-6,claude,neutral,Agent-2,openai,neutral,60,1
94,Agent-15,openai,neutral,Agent-6,claude,neutral,60,1
94,Agent-4,openai,neutral,Agent-3,openai,neutral,30,1
94,Agent-7,claude,neutral,Agent-14,claude,neutral,60,1
95,Agent-1,openai,neutral,Agent-3,openai,neutral,60,1
95,Agent-6,claude,neutral,Agent-2,openai,neutral,50,1
95,Agent-12,claude,neutral,Agent-5,claude,neutral,50,1
95,Agent-3,openai,neutral,Agent-1,openai,neutral,50,1
95,Agent-8,openai,neutral,Agent-4,openai,neutral,30,1
95,Agent-9,claude,neutral,Agent-14,claude,neutral,50,1
95,Agent-7,claude,neutral,Agent-14,claude,neutral,50,1
95,Agent-13,openai,neutral,Agent-4,openai,neutral,50,1
95,Agent-11,openai,neutral,Agent-8,openai,neutral,50,1
95,Agent-2,openai,neutral,Agent-6,claude,neutral,60,1
95,Agent-14,claude,neutral,Agent-7,claude,neutral,60,1
95,Agent-4,openai,neutral,Agent-3,openai,neutral,30,1
95,Agent-10,claude,neutral,Agent-1,openai,neutral,50,1
95,Agent-5,claude,neutral,Agent-12,claude,neutral,60,1
96,Agent-8,openai,neutral,Agent-15,openai,neutral,30,1
96,Agent-12,claude,neutral,Agent-5,claude,neutral,60,1
96,Agent-2,openai,neutral,Agent-6,claude,neutral,60,1
96,Agent-7,claude,neutral,Agent-14,claude,neutral,50,1
96,Agent-4,openai,neutral,Agent-3,openai,neutral,60,1
96,Agent-1,openai,neutral,Agent-3,openai,neutral,60,1
96,Agent-14,claude,neutral,Agent-7,claude,neutral,60,1
96,Agent-9,claude,neutral,Agent-14,claude,neutral,50,1
96,Agent-10,claude,neutral,Agent-1,openai,neutral,60,1
96,Agent-6,claude,neutral,Agent-2,openai,neutral,60,1
96,Agent-5,claude,neutral,Agent-12,claude,neutral,60,1
97,Agent-6,claude,neutral,Agent-2,openai,neutral,50,1
97,Agent-2,openai,neutral,Agent-6,claude,neutral,50,1
97,Agent-7,claude,neutral,Agent-14,claude,neutral,50,1
97,Agent-9,claude,neutral,Agent-14,claude,neutral,50,1
97,Agent-12,claude,neutral,Agent-5,claude,neutral,60,1
97,Agent-15,openai,neutral,Agent-8,openai,neutral,60,1
97,Agent-14,claude,neutral,Agent-7,claude,neutral,60,1
97,Agent-1,openai,neutral,Agent-3,openai,neutral,60,1
97,Agent-10,claude,neutral,Agent-1,openai,neutral,50,1
97,Agent-8,openai,neutral,Agent-11,openai,neutral,50,1
97,Agent-5,claude,neutral,Agent-12,claude,neutral,60,1
97,Agent-4,openai,neutral,Agent-3,openai,neutral,30,1
98,Agent-14,claude,neutral,Agent-9,claude,neutral,60,1
98,Agent-2,openai,neutral,Agent-6,claude,neutral,50,1
98,Agent-7,claude,neutral,Agent-14,claude,neutral,50,1
98,Agent-12,claude,neutral,Agent-5,claude,neutral,50,1
98,Agent-4,openai,neutral,Agent-3,openai,neutral,30,1
98,Agent-5,claude,neutral,Agent-12,claude,neutral,50,1
98,Agent-9,claude,neutral,Agent-14,claude,neutral,50,1
98,Agent-1,openai,neutral,Agent-3,openai,neutral,60,1
98,Agent-8,openai,neutral,Agent-11,openai,neutral,50,1
98,Agent-6,claude,neutral,Agent-2,openai,neutral,60,1
98,Agent-15,openai,neutral,Agent-8,openai,neutral,60,1
99,Agent-14,claude,neutral,Agent-7,claude,neutral,60,1
99,Agent-7,claude,neutral,Agent-14,claude,neutral,50,1
99,Agent-1,openai,neutral,Agent-3,openai,neutral,60,1
99,Agent-2,openai,neutral,Agent-6,claude,neutral,50,1
99,Agent-9,claude,neutral,Agent-14,claude,neutral,50,1
99,Agent-15,openai,neutral,Agent-11,openai,neutral,50,1
99,Agent-8,openai,neutral,Agent-11,openai,neutral,50,1
99,Agent-5,claude,neutral,Agent-12,claude,neutral,60,1
99,Agent-12,claude,neutral,Agent-5,claude,neutral,60,1
99,Agent-4,openai,neutral,Agent-3,openai,neutral,30,1
99,Agent-6,claude,neutral,Agent-2,openai,neutral,60,1
100,Agent-4,openai,neutral,Agent-8,openai,neutral,30,1
100,Agent-11,openai,neutral,Agent-15,openai,neutral,50,1
100,Agent-2,openai,neutral,Agent-6,claude,neutral,50,1
100,Agent-1,openai,neutral,Agent-3,openai,neutral,60,1
100,Agent-8,openai,neutral,Agent-4,openai,neutral,30,1
100,Agent-12,claude,neutral,Agent-5,claude,neutral,60,1
100,Agent-13,openai,neutral,Agent-1,openai,neutral,60,1
100,Agent-6,claude,neutral,Agent-2,openai,neutral,60,1
100,Agent-3,openai,neutral,Agent-4,openai,neutral,30,1
100,Agent-14,claude,neutral,Agent-9,claude,neutral,60,1
100,Agent-5,claude,neutral,Agent-12,claude,neutral,60,1
