agent_name,model,priming,round,balance
Agent-1,openai,neutral,0,1000
Agent-10,claude,neutral,0,1000
Agent-11,openai,neutral,0,1000
Agent-12,claude,neutral,0,1000
Agent-13,openai,neutral,0,1000
Agent-14,claude,neutral,0,1000
Agent-15,openai,neutral,0,1000
Agent-16,claude,neutral,0,1000
Agent-2,openai,neutral,0,1000
Agent-3,openai,neutral,0,1000
Agent-4,openai,neutral,0,1000
Agent-5,claude,neutral,0,1000
Agent-6,claude,neutral,0,1000
Agent-7,claude,neutral,0,1000
Agent-8,openai,neutral,0,1000
Agent-9,claude,neutral,0,1000
Agent-1,openai,neutral,1,1000
Agent-10,claude,neutral,1,1000
Agent-11,openai,neutral,1,1000
Agent-12,claude,neutral,1,1000
Agent-13,openai,neutral,1,1000
Agent-14,claude,neutral,1,1000
Agent-15,openai,neutral,1,1000
Agent-16,claude,neutral,1,1000
Agent-2,openai,neutral,1,1000
Agent-3,openai,neutral,1,1000
Agent-4,openai,neutral,1,1000
Agent-5,claude,neutral,1,1000
Agent-6,claude,neutral,1,1000
Agent-7,claude,neutral,1,1000
Agent-8,openai,neutral,1,1000
Agent-9,claude,neutral,1,1000
Agent-1,openai,neutral,2,1000
Agent-10,claude,neutral,2,1000
Agent-11,openai,neutral,2,1000
Agent-12,claude,neutral,2,950
Agent-13,openai,neutral,2,1000
Agent-14,claude,neutral,2,1000
Agent-15,openai,neutral,2,1000
Agent-16,claude,neutral,2,1000
Agent-2,openai,neutral,2,1000
Agent-3,openai,neutral,2,1000
Agent-4,openai,neutral,2,1000
Agent-5,claude,neutral,2,1050
Agent-6,claude,neutral,2,1000
Agent-7,claude,neutral,2,1000
Agent-8,openai,neutral,2,1000
Agent-9,claude,neutral,2,1000
Agent-1,openai,neutral,3,1000
Agent-10,claude,neutral,3,1000
Agent-11,openai,neutral,3,1000
Agent-12,claude,neutral,3,1000
Agent-13,openai,neutral,3,1000
Agent-14,claude,neutral,3,950
Agent-15,openai,neutral,3,1000
Agent-16,claude,neutral,3,1000
Agent-2,openai,neutral,3,1000
Agent-3,openai,neutral,3,1000
Agent-4,openai,neutral,3,1000
Agent-5,claude,neutral,3,1000
Agent-6,claude,neutral,3,1000
Agent-7,claude,neutral,3,1050
Agent-8,openai,neutral,3,1000
Agent-9,claude,neutral,3,1000
Agent-1,openai,neutral,4,1000
Agent-10,claude,neutral,4,1000
Agent-11,openai,neutral,4,1000
Agent-12,claude,neutral,4,1100
Agent-13,openai,neutral,4,1000
Agent-14,claude,neutral,4,1010
Agent-15,openai,neutral,4,1000
Agent-16,claude,neutral,4,950
Agent-2,openai,neutral,4,1000
Agent-3,openai,neutral,4,1050
Agent-4,openai,neutral,4,1000
Agent-5,claude,neutral,4,940
Agent-6,claude,neutral,4,1000
Agent-7,claude,neutral,4,990
Agent-8,openai,neutral,4,960
Agent-9,claude,neutral,4,1000
Agent-1,openai,neutral,5,1000
Agent-10,claude,neutral,5,1000
Agent-11,openai,neutral,5,1000
Agent-12,claude,neutral,5,1160
Agent-13,openai,neutral,5,1000
Agent-14,claude,neutral,5,1070
Agent-15,openai,neutral,5,1000
Agent-16,claude,neutral,5,950
Agent-2,openai,neutral,5,1050
Agent-3,openai,neutral,5,1050
Agent-4,openai,neutral,5,1000
Agent-5,claude,neutral,5,880
Agent-6,claude,neutral,5,1000
Agent-7,claude,neutral,5,930
Agent-8,openai,neutral,5,960
Agent-9,claude,neutral,5,950
Agent-1,openai,neutral,6,1000
Agent-10,claude,neutral,6,1060
Agent-11,openai,neutral,6,1000
Agent-12,claude,neutral,6,1230
Agent-13,openai,neutral,6,1000
Agent-14,claude,neutral,6,1130
Agent-15,openai,neutral,6,1000
Agent-16,claude,neutral,6,950
Agent-2,openai,neutral,6,1100
Agent-3,openai,neutral,6,990
Agent-4,openai,neutral,6,1000
Agent-5,claude,neutral,6,860
Agent-6,claude,neutral,6,950
Agent-7,claude,neutral,6,870
Agent-8,openai,neutral,6,960
Agent-9,claude,neutral,6,900
Agent-1,openai,neutral,7,1000
Agent-10,claude,neutral,7,1170
Agent-11,openai,neutral,7,1000
Agent-12,claude,neutral,7,1150
Agent-13,openai,neutral,7,1000
Agent-14,claude,neutral,7,1130
Agent-15,openai,neutral,7,1000
Agent-16,claude,neutral,7,900
Agent-2,openai,neutral,7,1100
Agent-3,openai,neutral,7,930
Agent-4,openai,neutral,7,1000
Agent-5,claude,neutral,7,880
Agent-6,claude,neutral,7,1010
Agent-7,claude,neutral,7,870
Agent-8,openai,neutral,7,960
Agent-9,claude,neutral,7,900
Agent-1,openai,neutral,8,1000
Agent-10,claude,neutral,8,1170
Agent-11,openai,neutral,8,950
Agent-12,claude,neutral,8,1100
Agent-13,openai,neutral,8,1000
Agent-14,claude,neutral,8,1140
Agent-15,openai,neutral,8,1000
Agent-16,claude,neutral,8,900
Agent-2,openai,neutral,8,1040
Agent-3,openai,neutral,8,930
Agent-4,openai,neutral,8,1000
Agent-5,claude,neutral,8,920
Agent-6,claude,neutral,8,1120
Agent-7,claude,neutral,8,860
Agent-8,openai,neutral,8,910
Agent-9,claude,neutral,8,960
Agent-1,openai,neutral,9,1050
Agent-10,claude,neutral,9,1180
Agent-11,openai,neutral,9,960
Agent-12,claude,neutral,9,1060
Agent-13,openai,neutral,9,950
Agent-14,claude,neutral,9,1150
Agent-15,openai,neutral,9,950
Agent-16,claude,neutral,9,900
Agent-2,openai,neutral,9,980
Agent-3,openai,neutral,9,870
Agent-4,openai,neutral,9,1000
Agent-5,claude,neutral,9,960
Agent-6,claude,neutral,9,1210
Agent-7,claude,neutral,9,850
Agent-8,openai,neutral,9,910
Agent-9,claude,neutral,9,1020
Agent-1,openai,neutral,10,1040
Agent-10,claude,neutral,10,1190
Agent-11,openai,neutral,10,960
Agent-12,claude,neutral,10,1070
Agent-13,openai,neutral,10,900
Agent-14,claude,neutral,10,1160
Agent-15,openai,neutral,10,1010
Agent-16,claude,neutral,10,900
Agent-2,openai,neutral,10,980
Agent-3,openai,neutral,10,870
Agent-4,openai,neutral,10,1000
Agent-5,claude,neutral,10,950
Agent-6,claude,neutral,10,1200
Agent-7,claude,neutral,10,840
Agent-8,openai,neutral,10,910
Agent-9,claude,neutral,10,1020
Agent-1,openai,neutral,11,980
Agent-10,claude,neutral,11,1250
Agent-11,openai,neutral,11,960
Agent-12,claude,neutral,11,1130
Agent-13,openai,neutral,11,910
Agent-14,claude,neutral,11,1170
Agent-15,openai,neutral,11,960
Agent-16,claude,neutral,11,950
Agent-2,openai,neutral,11,920
Agent-3,openai,neutral,11,870
Agent-4,openai,neutral,11,1000
Agent-5,claude,neutral,11,890
Agent-6,claude,neutral,11,1190
Agent-7,claude,neutral,11,830
Agent-8,openai,neutral,11,910
Agent-9,claude,neutral,11,1080
Agent-1,openai,neutral,12,930
Agent-10,claude,neutral,12,1300
Agent-11,openai,neutral,12,1020
Agent-12,claude,neutral,12,1080
Agent-13,openai,neutral,12,970
Agent-14,claude,neutral,12,1190
Agent-15,openai,neutral,12,900
Agent-16,claude,neutral,12,950
Agent-2,openai,neutral,12,920
Agent-3,openai,neutral,12,870
Agent-4,openai,neutral,12,950
Agent-5,claude,neutral,12,940
Agent-6,claude,neutral,12,1180
Agent-7,claude,neutral,12,760
Agent-8,openai,neutral,12,910
Agent-9,claude,neutral,12,1130
Agent-1,openai,neutral,13,940
Agent-10,claude,neutral,13,1290
Agent-11,openai,neutral,13,960
Agent-12,claude,neutral,13,1090
Agent-13,openai,neutral,13,970
Agent-14,claude,neutral,13,1130
Agent-15,openai,neutral,13,910
Agent-16,claude,neutral,13,950
Agent-2,openai,neutral,13,860
Agent-3,openai,neutral,13,870
Agent-4,openai,neutral,13,1010
Agent-5,claude,neutral,13,930
Agent-6,claude,neutral,13,1170
Agent-7,claude,neutral,13,820
Agent-8,openai,neutral,13,910
Agent-9,claude,neutral,13,1190
Agent-1,openai,neutral,14,950
Agent-10,claude,neutral,14,1330
Agent-11,openai,neutral,14,900
Agent-12,claude,neutral,14,1100
Agent-13,openai,neutral,14,970
Agent-14,claude,neutral,14,1200
Agent-15,openai,neutral,14,860
Agent-16,claude,neutral,14,960
Agent-2,openai,neutral,14,800
Agent-3,openai,neutral,14,870
Agent-4,openai,neutral,14,1020
Agent-5,claude,neutral,14,970
Agent-6,claude,neutral,14,1110
Agent-7,claude,neutral,14,860
Agent-8,openai,neutral,14,910
Agent-9,claude,neutral,14,1190
Agent-1,openai,neutral,15,950
Agent-10,claude,neutral,15,1330
Agent-11,openai,neutral,15,960
Agent-12,claude,neutral,15,1110
Agent-13,openai,neutral,15,920
Agent-14,claude,neutral,15,1200
Agent-15,openai,neutral,15,870
Agent-16,claude,neutral,15,910
Agent-2,openai,neutral,15,800
Agent-3,openai,neutral,15,920
Agent-4,openai,neutral,15,1070
Agent-5,claude,neutral,15,1010
Agent-6,claude,neutral,15,1050
Agent-7,claude,neutral,15,910
Agent-8,openai,neutral,15,860
Agent-9,claude,neutral,15,1130
Agent-1,openai,neutral,16,960
Agent-10,claude,neutral,16,1320
Agent-11,openai,neutral,16,910
Agent-12,claude,neutral,16,1120
Agent-13,openai,neutral,16,920
Agent-14,claude,neutral,16,1210
Agent-15,openai,neutral,16,870
Agent-16,claude,neutral,16,910
Agent-2,openai,neutral,16,800
Agent-3,openai,neutral,16,920
Agent-4,openai,neutral,16,1080
Agent-5,claude,neutral,16,1000
Agent-6,claude,neutral,16,1040
Agent-7,claude,neutral,16,900
Agent-8,openai,neutral,16,960
Agent-9,claude,neutral,16,1080
Agent-1,openai,neutral,17,970
Agent-10,claude,neutral,17,1310
Agent-11,openai,neutral,17,910
Agent-12,claude,neutral,17,1070
Agent-13,openai,neutral,17,920
Agent-14,claude,neutral,17,1150
Agent-15,openai,neutral,17,930
Agent-16,claude,neutral,17,980
Agent-2,openai,neutral,17,800
Agent-3,openai,neutral,17,870
Agent-4,openai,neutral,17,1030
Agent-5,claude,neutral,17,990
Agent-6,claude,neutral,17,1030
Agent-7,claude,neutral,17,900
Agent-8,openai,neutral,17,1110
Agent-9,claude,neutral,17,1030
Agent-1,openai,neutral,18,980
Agent-10,claude,neutral,18,1300
Agent-11,openai,neutral,18,910
Agent-12,claude,neutral,18,1080
Agent-13,openai,neutral,18,920
Agent-14,claude,neutral,18,1090
Agent-15,openai,neutral,18,990
Agent-16,claude,neutral,18,990
Agent-2,openai,neutral,18,800
Agent-3,openai,neutral,18,820
Agent-4,openai,neutral,18,980
Agent-5,claude,neutral,18,980
Agent-6,claude,neutral,18,1020
Agent-7,claude,neutral,18,950
Agent-8,openai,neutral,18,1210
Agent-9,claude,neutral,18,980
Agent-1,openai,neutral,19,990
Agent-10,claude,neutral,19,1290
Agent-11,openai,neutral,19,910
Agent-12,claude,neutral,19,1090
Agent-13,openai,neutral,19,920
Agent-14,claude,neutral,19,1030
Agent-15,openai,neutral,19,990
Agent-16,claude,neutral,19,1050
Agent-2,openai,neutral,19,800
Agent-3,openai,neutral,19,820
Agent-4,openai,neutral,19,990
Agent-5,claude,neutral,19,970
Agent-6,claude,neutral,19,1010
Agent-7,claude,neutral,19,950
Agent-8,openai,neutral,19,1210
Agent-9,claude,neutral,19,980
Agent-1,openai,neutral,20,1000
Agent-10,claude,neutral,20,1280
Agent-11,openai,neutral,20,910
Agent-12,claude,neutral,20,1090
Agent-13,openai,neutral,20,870
Agent-14,claude,neutral,20,1030
Agent-15,openai,neutral,20,1050
Agent-16,claude,neutral,20,990
Agent-2,openai,neutral,20,800
Agent-3,openai,neutral,20,870
Agent-4,openai,neutral,20,1050
Agent-5,claude,neutral,20,970
Agent-6,claude,neutral,20,950
Agent-7,claude,neutral,20,950
Agent-8,openai,neutral,20,1150
Agent-9,claude,neutral,20,1040
Agent-1,openai,neutral,21,1060
Agent-10,claude,neutral,21,1280
Agent-11,openai,neutral,21,980
Agent-12,claude,neutral,21,1090
Agent-13,openai,neutral,21,920
Agent-14,claude,neutral,21,1020
Agent-15,openai,neutral,21,990
Agent-16,claude,neutral,21,930
Agent-2,openai,neutral,21,750
Agent-3,openai,neutral,21,820
Agent-4,openai,neutral,21,1050
Agent-5,claude,neutral,21,1020
Agent-6,claude,neutral,21,950
Agent-7,claude,neutral,21,950
Agent-8,openai,neutral,21,1090
Agent-9,claude,neutral,21,1100
Agent-1,openai,neutral,22,1060
Agent-10,claude,neutral,22,1330
Agent-11,openai,neutral,22,990
Agent-12,claude,neutral,22,1090
Agent-13,openai,neutral,22,920
Agent-14,claude,neutral,22,960
Agent-15,openai,neutral,22,990
Agent-16,claude,neutral,22,930
Agent-2,openai,neutral,22,750
Agent-3,openai,neutral,22,820
Agent-4,openai,neutral,22,1050
Agent-5,claude,neutral,22,1070
Agent-6,claude,neutral,22,890
Agent-7,claude,neutral,22,1010
Agent-8,openai,neutral,22,1030
Agent-9,claude,neutral,22,1110
Agent-1,openai,neutral,23,1060
Agent-10,claude,neutral,23,1330
Agent-11,openai,neutral,23,1000
Agent-12,claude,neutral,23,1100
Agent-13,openai,neutral,23,910
Agent-14,claude,neutral,23,960
Agent-15,openai,neutral,23,930
Agent-16,claude,neutral,23,990
Agent-2,openai,neutral,23,690
Agent-3,openai,neutral,23,830
Agent-4,openai,neutral,23,1050
Agent-5,claude,neutral,23,1110
Agent-6,claude,neutral,23,890
Agent-7,claude,neutral,23,1070
Agent-8,openai,neutral,23,970
Agent-9,claude,neutral,23,1110
Agent-1,openai,neutral,24,1120
Agent-10,claude,neutral,24,1270
Agent-11,openai,neutral,24,1060
Agent-12,claude,neutral,24,1040
Agent-13,openai,neutral,24,960
Agent-14,claude,neutral,24,1010
Agent-15,openai,neutral,24,930
Agent-16,claude,neutral,24,930
Agent-2,openai,neutral,24,640
Agent-3,openai,neutral,24,840
Agent-4,openai,neutral,24,1050
Agent-5,claude,neutral,24,1170
Agent-6,claude,neutral,24,940
Agent-7,claude,neutral,24,1070
Agent-8,openai,neutral,24,910
Agent-9,claude,neutral,24,1060
Agent-1,openai,neutral,25,1060
Agent-10,claude,neutral,25,1270
Agent-11,openai,neutral,25,1000
Agent-12,claude,neutral,25,980
Agent-13,openai,neutral,25,900
Agent-14,claude,neutral,25,1070
Agent-15,openai,neutral,25,930
Agent-16,claude,neutral,25,870
Agent-2,openai,neutral,25,700
Agent-3,openai,neutral,25,970
Agent-4,openai,neutral,25,1050
Agent-5,claude,neutral,25,1280
Agent-6,claude,neutral,25,880
Agent-7,claude,neutral,25,1070
Agent-8,openai,neutral,25,910
Agent-9,claude,neutral,25,1060
Agent-1,openai,neutral,26,1050
Agent-10,claude,neutral,26,1280
Agent-11,openai,neutral,26,940
Agent-12,claude,neutral,26,980
Agent-13,openai,neutral,26,950
Agent-14,claude,neutral,26,1070
Agent-15,openai,neutral,26,990
Agent-16,claude,neutral,26,870
Agent-2,openai,neutral,26,700
Agent-3,openai,neutral,26,920
Agent-4,openai,neutral,26,1000
Agent-5,claude,neutral,26,1390
Agent-6,claude,neutral,26,870
Agent-7,claude,neutral,26,1010
Agent-8,openai,neutral,26,860
Agent-9,claude,neutral,26,1120
Agent-1,openai,neutral,27,1110
Agent-10,claude,neutral,27,1270
Agent-11,openai,neutral,27,990
Agent-12,claude,neutral,27,930
Agent-13,openai,neutral,27,940
Agent-14,claude,neutral,27,1130
Agent-15,openai,neutral,27,990
Agent-16,claude,neutral,27,870
Agent-2,openai,neutral,27,700
Agent-3,openai,neutral,27,930
Agent-4,openai,neutral,27,950
Agent-5,claude,neutral,27,1380
Agent-6,claude,neutral,27,870
Agent-7,claude,neutral,27,1010
Agent-8,openai,neutral,27,870
Agent-9,claude,neutral,27,1060
Agent-1,openai,neutral,28,1110
Agent-10,claude,neutral,28,1320
Agent-11,openai,neutral,28,990
Agent-12,claude,neutral,28,930
Agent-13,openai,neutral,28,890
Agent-14,claude,neutral,28,1190
Agent-15,openai,neutral,28,930
Agent-16,claude,neutral,28,870
Agent-2,openai,neutral,28,650
Agent-3,openai,neutral,28,930
Agent-4,openai,neutral,28,960
Agent-5,claude,neutral,28,1430
Agent-6,claude,neutral,28,870
Agent-7,claude,neutral,28,950
Agent-8,openai,neutral,28,920
Agent-9,claude,neutral,28,1060
Agent-1,openai,neutral,29,1060
Agent-10,claude,neutral,29,1310
Agent-11,openai,neutral,29,940
Agent-12,claude,neutral,29,930
Agent-13,openai,neutral,29,890
Agent-14,claude,neutral,29,1250
Agent-15,openai,neutral,29,990
Agent-16,claude,neutral,29,810
Agent-2,openai,neutral,29,590
Agent-3,openai,neutral,29,930
Agent-4,openai,neutral,29,1020
Agent-5,claude,neutral,29,1490
Agent-6,claude,neutral,29,870
Agent-7,claude,neutral,29,950
Agent-8,openai,neutral,29,920
Agent-9,claude,neutral,29,1050
Agent-1,openai,neutral,30,1010
Agent-10,claude,neutral,30,1300
Agent-11,openai,neutral,30,950
Agent-12,claude,neutral,30,930
Agent-13,openai,neutral,30,1000
Agent-14,claude,neutral,30,1360
Agent-15,openai,neutral,30,990
Agent-16,claude,neutral,30,750
Agent-2,openai,neutral,30,540
Agent-3,openai,neutral,30,880
Agent-4,openai,neutral,30,1020
Agent-5,claude,neutral,30,1540
Agent-6,claude,neutral,30,870
Agent-7,claude,neutral,30,950
Agent-8,openai,neutral,30,920
Agent-9,claude,neutral,30,990
Agent-1,openai,neutral,31,1010
Agent-10,claude,neutral,31,1300
Agent-11,openai,neutral,31,960
Agent-12,claude,neutral,31,940
Agent-13,openai,neutral,31,940
Agent-14,claude,neutral,31,1420
Agent-15,openai,neutral,31,1000
Agent-16,claude,neutral,31,740
Agent-2,openai,neutral,31,490
Agent-3,openai,neutral,31,940
Agent-4,openai,neutral,31,1020
Agent-5,claude,neutral,31,1580
Agent-6,claude,neutral,31,860
Agent-7,claude,neutral,31,950
Agent-8,openai,neutral,31,920
Agent-9,claude,neutral,31,930
Agent-1,openai,neutral,32,1070
Agent-10,claude,neutral,32,1240
Agent-11,openai,neutral,32,970
Agent-12,claude,neutral,32,1000
Agent-13,openai,neutral,32,880
Agent-14,claude,neutral,32,1480
Agent-15,openai,neutral,32,1010
Agent-16,claude,neutral,32,730
Agent-2,openai,neutral,32,440
Agent-3,openai,neutral,32,950
Agent-4,openai,neutral,32,1020
Agent-5,claude,neutral,32,1680
Agent-6,claude,neutral,32,850
Agent-7,claude,neutral,32,950
Agent-8,openai,neutral,32,860
Agent-9,claude,neutral,32,870
Agent-1,openai,neutral,33,1070
Agent-10,claude,neutral,33,1230
Agent-11,openai,neutral,33,1030
Agent-12,claude,neutral,33,950
Agent-13,openai,neutral,33,880
Agent-14,claude,neutral,33,1480
Agent-15,openai,neutral,33,1010
Agent-16,claude,neutral,33,730
Agent-2,openai,neutral,33,440
Agent-3,openai,neutral,33,1010
Agent-4,openai,neutral,33,1030
Agent-5,claude,neutral,33,1790
Agent-6,claude,neutral,33,790
Agent-7,claude,neutral,33,950
Agent-8,openai,neutral,33,800
Agent-9,claude,neutral,33,810
Agent-1,openai,neutral,34,1070
Agent-10,claude,neutral,34,1180
Agent-11,openai,neutral,34,1030
Agent-12,claude,neutral,34,950
Agent-13,openai,neutral,34,820
Agent-14,claude,neutral,34,1540
Agent-15,openai,neutral,34,1020
Agent-16,claude,neutral,34,720
Agent-2,openai,neutral,34,390
Agent-3,openai,neutral,34,960
Agent-4,openai,neutral,34,980
Agent-5,claude,neutral,34,1910
Agent-6,claude,neutral,34,730
Agent-7,claude,neutral,34,1010
Agent-8,openai,neutral,34,840
Agent-9,claude,neutral,34,850
Agent-1,openai,neutral,35,1130
Agent-10,claude,neutral,35,1120
Agent-11,openai,neutral,35,970
Agent-12,claude,neutral,35,890
Agent-13,openai,neutral,35,820
Agent-14,claude,neutral,35,1480
Agent-15,openai,neutral,35,1030
Agent-16,claude,neutral,35,720
Agent-2,openai,neutral,35,400
Agent-3,openai,neutral,35,1020
Agent-4,openai,neutral,35,990
Agent-5,claude,neutral,35,1970
Agent-6,claude,neutral,35,720
Agent-7,claude,neutral,35,1070
Agent-8,openai,neutral,35,830
Agent-9,claude,neutral,35,840
Agent-1,openai,neutral,36,1190
Agent-10,claude,neutral,36,1120
Agent-11,openai,neutral,36,910
Agent-12,claude,neutral,36,890
Agent-13,openai,neutral,36,820
Agent-14,claude,neutral,36,1420
Agent-15,openai,neutral,36,1030
Agent-16,claude,neutral,36,780
Agent-2,openai,neutral,36,460
Agent-3,openai,neutral,36,1020
Agent-4,openai,neutral,36,940
Agent-5,claude,neutral,36,1970
Agent-6,claude,neutral,36,720
Agent-7,claude,neutral,36,1070
Agent-8,openai,neutral,36,770
Agent-9,claude,neutral,36,890
Agent-1,openai,neutral,37,1190
Agent-10,claude,neutral,37,1110
Agent-11,openai,neutral,37,970
Agent-12,claude,neutral,37,890
Agent-13,openai,neutral,37,820
Agent-14,claude,neutral,37,1480
Agent-15,openai,neutral,37,1090
Agent-16,claude,neutral,37,720
Agent-2,openai,neutral,37,460
Agent-3,openai,neutral,37,1020
Agent-4,openai,neutral,37,890
Agent-5,claude,neutral,37,1970
Agent-6,claude,neutral,37,660
Agent-7,claude,neutral,37,1130
Agent-8,openai,neutral,37,770
Agent-9,claude,neutral,37,830
Agent-1,openai,neutral,38,1190
Agent-10,claude,neutral,38,1170
Agent-11,openai,neutral,38,920
Agent-12,claude,neutral,38,900
Agent-13,openai,neutral,38,830
Agent-14,claude,neutral,38,1480
Agent-15,openai,neutral,38,1030
Agent-16,claude,neutral,38,720
Agent-2,openai,neutral,38,520
Agent-3,openai,neutral,38,960
Agent-4,openai,neutral,38,890
Agent-5,claude,neutral,38,1960
Agent-6,claude,neutral,38,700
Agent-7,claude,neutral,38,1190
Agent-8,openai,neutral,38,770
Agent-9,claude,neutral,38,770
Agent-1,openai,neutral,39,1190
Agent-10,claude,neutral,39,1170
Agent-11,openai,neutral,39,930
Agent-12,claude,neutral,39,900
Agent-13,openai,neutral,39,770
Agent-14,claude,neutral,39,1480
Agent-15,openai,neutral,39,1090
Agent-16,claude,neutral,39,720
Agent-2,openai,neutral,39,520
Agent-3,openai,neutral,39,950
Agent-4,openai,neutral,39,890
Agent-5,claude,neutral,39,1960
Agent-6,claude,neutral,39,750
Agent-7,claude,neutral,39,1190
Agent-8,openai,neutral,39,780
Agent-9,claude,neutral,39,710
Agent-1,openai,neutral,40,1190
Agent-10,claude,neutral,40,1290
Agent-11,openai,neutral,40,870
Agent-12,claude,neutral,40,900
Agent-13,openai,neutral,40,720
Agent-14,claude,neutral,40,1480
Agent-15,openai,neutral,40,1090
Agent-16,claude,neutral,40,660
Agent-2,openai,neutral,40,520
Agent-3,openai,neutral,40,940
Agent-4,openai,neutral,40,890
Agent-5,claude,neutral,40,2010
Agent-6,claude,neutral,40,750
Agent-7,claude,neutral,40,1190
Agent-8,openai,neutral,40,790
Agent-9,claude,neutral,40,710
Agent-1,openai,neutral,41,1130
Agent-10,claude,neutral,41,1340
Agent-11,openai,neutral,41,810
Agent-12,claude,neutral,41,900
Agent-13,openai,neutral,41,670
Agent-14,claude,neutral,41,1490
Agent-15,openai,neutral,41,1150
Agent-16,claude,neutral,41,660
Agent-2,openai,neutral,41,520
Agent-3,openai,neutral,41,1000
Agent-4,openai,neutral,41,890
Agent-5,claude,neutral,41,2060
Agent-6,claude,neutral,41,810
Agent-7,claude,neutral,41,1180
Agent-8,openai,neutral,41,740
Agent-9,claude,neutral,41,650
Agent-1,openai,neutral,42,1130
Agent-10,claude,neutral,42,1380
Agent-11,openai,neutral,42,810
Agent-12,claude,neutral,42,910
Agent-13,openai,neutral,42,610
Agent-14,claude,neutral,42,1560
Agent-15,openai,neutral,42,1150
Agent-16,claude,neutral,42,660
Agent-2,openai,neutral,42,460
Agent-3,openai,neutral,42,1000
Agent-4,openai,neutral,42,900
Agent-5,claude,neutral,42,2110
Agent-6,claude,neutral,42,820
Agent-7,claude,neutral,42,1220
Agent-8,openai,neutral,42,690
Agent-9,claude,neutral,42,590
Agent-1,openai,neutral,43,1130
Agent-10,claude,neutral,43,1370
Agent-11,openai,neutral,43,810
Agent-12,claude,neutral,43,920
Agent-13,openai,neutral,43,550
Agent-14,claude,neutral,43,1620
Agent-15,openai,neutral,43,1150
Agent-16,claude,neutral,43,600
Agent-2,openai,neutral,43,400
Agent-3,openai,neutral,43,990
Agent-4,openai,neutral,43,850
Agent-5,claude,neutral,43,2160
Agent-6,claude,neutral,43,940
Agent-7,claude,neutral,43,1220
Agent-8,openai,neutral,43,700
Agent-9,claude,neutral,43,590
Agent-1,openai,neutral,44,1080
Agent-10,claude,neutral,44,1410
Agent-11,openai,neutral,44,820
Agent-12,claude,neutral,44,980
Agent-13,openai,neutral,44,550
Agent-14,claude,neutral,44,1680
Agent-15,openai,neutral,44,1150
Agent-16,claude,neutral,44,540
Agent-2,openai,neutral,44,400
Agent-3,openai,neutral,44,980
Agent-4,openai,neutral,44,800
Agent-5,claude,neutral,44,2160
Agent-6,claude,neutral,44,990
Agent-7,claude,neutral,44,1160
Agent-8,openai,neutral,44,710
Agent-9,claude,neutral,44,590
Agent-1,openai,neutral,45,1150
Agent-10,claude,neutral,45,1450
Agent-11,openai,neutral,45,870
Agent-12,claude,neutral,45,990
Agent-13,openai,neutral,45,500
Agent-14,claude,neutral,45,1690
Agent-15,openai,neutral,45,1160
Agent-16,claude,neutral,45,530
Agent-2,openai,neutral,45,400
Agent-3,openai,neutral,45,920
Agent-4,openai,neutral,45,750
Agent-5,claude,neutral,45,2200
Agent-6,claude,neutral,45,940
Agent-7,claude,neutral,45,1150
Agent-8,openai,neutral,45,770
Agent-9,claude,neutral,45,530
Agent-1,openai,neutral,46,1160
Agent-10,claude,neutral,46,1390
Agent-11,openai,neutral,46,930
Agent-12,claude,neutral,46,990
Agent-13,openai,neutral,46,450
Agent-14,claude,neutral,46,1690
Agent-15,openai,neutral,46,1170
Agent-16,claude,neutral,46,520
Agent-2,openai,neutral,46,400
Agent-3,openai,neutral,46,970
Agent-4,openai,neutral,46,700
Agent-5,claude,neutral,46,2200
Agent-6,claude,neutral,46,940
Agent-7,claude,neutral,46,1150
Agent-8,openai,neutral,46,770
Agent-9,claude,neutral,46,570
Agent-1,openai,neutral,47,1160
Agent-10,claude,neutral,47,1330
Agent-11,openai,neutral,47,920
Agent-12,claude,neutral,47,990
Agent-13,openai,neutral,47,450
Agent-14,claude,neutral,47,1700
Agent-15,openai,neutral,47,1280
Agent-16,claude,neutral,47,470
Agent-2,openai,neutral,47,350
Agent-3,openai,neutral,47,970
Agent-4,openai,neutral,47,820
Agent-5,claude,neutral,47,2200
Agent-6,claude,neutral,47,940
Agent-7,claude,neutral,47,1140
Agent-8,openai,neutral,47,720
Agent-9,claude,neutral,47,560
Agent-1,openai,neutral,48,1110
Agent-10,claude,neutral,48,1390
Agent-11,openai,neutral,48,960
Agent-12,claude,neutral,48,1000
Agent-13,openai,neutral,48,400
Agent-14,claude,neutral,48,1700
Agent-15,openai,neutral,48,1340
Agent-16,claude,neutral,48,420
Agent-2,openai,neutral,48,300
Agent-3,openai,neutral,48,1030
Agent-4,openai,neutral,48,820
Agent-5,claude,neutral,48,2190
Agent-6,claude,neutral,48,880
Agent-7,claude,neutral,48,1080
Agent-8,openai,neutral,48,770
Agent-9,claude,neutral,48,610
Agent-1,openai,neutral,49,1180
Agent-10,claude,neutral,49,1440
Agent-11,openai,neutral,49,1020
Agent-12,claude,neutral,49,1000
Agent-13,openai,neutral,49,350
Agent-14,claude,neutral,49,1760
Agent-15,openai,neutral,49,1340
Agent-16,claude,neutral,49,420
Agent-2,openai,neutral,49,250
Agent-3,openai,neutral,49,1020
Agent-4,openai,neutral,49,770
Agent-5,claude,neutral,49,2190
Agent-6,claude,neutral,49,870
Agent-7,claude,neutral,49,1020
Agent-8,openai,neutral,49,710
Agent-9,claude,neutral,49,660
Agent-1,openai,neutral,50,1230
Agent-10,claude,neutral,50,1380
Agent-11,openai,neutral,50,1130
Agent-12,claude,neutral,50,1000
Agent-13,openai,neutral,50,300
Agent-14,claude,neutral,50,1820
Agent-15,openai,neutral,50,1380
Agent-16,claude,neutral,50,370
Agent-2,openai,neutral,50,200
Agent-3,openai,neutral,50,1070
Agent-4,openai,neutral,50,720
Agent-5,claude,neutral,50,2190
Agent-6,claude,neutral,50,880
Agent-7,claude,neutral,50,1020
Agent-8,openai,neutral,50,660
Agent-9,claude,neutral,50,650
Agent-1,openai,neutral,51,1280
Agent-10,claude,neutral,51,1380
Agent-11,openai,neutral,51,1080
Agent-12,claude,neutral,51,1000
Agent-13,openai,neutral,51,300
Agent-14,claude,neutral,51,1820
Agent-15,openai,neutral,51,1440
Agent-16,claude,neutral,51,370
Agent-2,openai,neutral,51,150
Agent-3,openai,neutral,51,1070
Agent-4,openai,neutral,51,670
Agent-5,claude,neutral,51,2190
Agent-6,claude,neutral,51,930
Agent-7,claude,neutral,51,1020
Agent-8,openai,neutral,51,660
Agent-9,claude,neutral,51,640
Agent-1,openai,neutral,52,1380
Agent-10,claude,neutral,52,1320
Agent-11,openai,neutral,52,1030
Agent-12,claude,neutral,52,1000
Agent-13,openai,neutral,52,250
Agent-14,claude,neutral,52,1810
Agent-15,openai,neutral,52,1440
Agent-16,claude,neutral,52,320
Agent-2,openai,neutral,52,160
Agent-3,openai,neutral,52,1070
Agent-4,openai,neutral,52,680
Agent-5,claude,neutral,52,2290
Agent-6,claude,neutral,52,920
Agent-7,claude,neutral,52,1030
Agent-8,openai,neutral,52,660
Agent-9,claude,neutral,52,640
Agent-1,openai,neutral,53,1380
Agent-10,claude,neutral,53,1260
Agent-11,openai,neutral,53,1040
Agent-12,claude,neutral,53,1010
Agent-13,openai,neutral,53,200
Agent-14,claude,neutral,53,1810
Agent-15,openai,neutral,53,1500
Agent-16,claude,neutral,53,320
Agent-2,openai,neutral,53,210
Agent-3,openai,neutral,53,1070
Agent-4,openai,neutral,53,630
Agent-5,claude,neutral,53,2330
Agent-6,claude,neutral,53,910
Agent-7,claude,neutral,53,1030
Agent-8,openai,neutral,53,610
Agent-9,claude,neutral,53,690
Agent-1,openai,neutral,54,1380
Agent-10,claude,neutral,54,1210
Agent-11,openai,neutral,54,1040
Agent-12,claude,neutral,54,1010
Agent-13,openai,neutral,54,150
Agent-14,claude,neutral,54,1820
Agent-15,openai,neutral,54,1560
Agent-16,claude,neutral,54,320
Agent-2,openai,neutral,54,210
Agent-3,openai,neutral,54,1070
Agent-4,openai,neutral,54,630
Agent-5,claude,neutral,54,2330
Agent-6,claude,neutral,54,900
Agent-7,claude,neutral,54,1020
Agent-8,openai,neutral,54,610
Agent-9,claude,neutral,54,740
Agent-1,openai,neutral,55,1320
Agent-10,claude,neutral,55,1210
Agent-11,openai,neutral,55,1040
Agent-12,claude,neutral,55,1020
Agent-13,openai,neutral,55,100
Agent-14,claude,neutral,55,1820
Agent-15,openai,neutral,55,1630
Agent-16,claude,neutral,55,310
Agent-2,openai,neutral,55,260
Agent-3,openai,neutral,55,1110
Agent-4,openai,neutral,55,640
Agent-5,claude,neutral,55,2320
Agent-6,claude,neutral,55,840
Agent-7,claude,neutral,55,1020
Agent-8,openai,neutral,55,610
Agent-9,claude,neutral,55,750
Agent-1,openai,neutral,56,1330
Agent-10,claude,neutral,56,1210
Agent-11,openai,neutral,56,980
Agent-12,claude,neutral,56,1020
Agent-13,openai,neutral,56,100
Agent-14,claude,neutral,56,1810
Agent-15,openai,neutral,56,1740
Agent-16,claude,neutral,56,250
Agent-2,openai,neutral,56,260
Agent-3,openai,neutral,56,1050
Agent-4,openai,neutral,56,700
Agent-5,claude,neutral,56,2320
Agent-6,claude,neutral,56,790
Agent-7,claude,neutral,56,1030
Agent-8,openai,neutral,56,670
Agent-9,claude,neutral,56,740
Agent-1,openai,neutral,57,1450
Agent-10,claude,neutral,57,1150
Agent-11,openai,neutral,57,980
Agent-12,claude,neutral,57,1020
Agent-13,openai,neutral,57,160
Agent-14,claude,neutral,57,1810
Agent-15,openai,neutral,57,1800
Agent-16,claude,neutral,57,190
Agent-2,openai,neutral,57,200
Agent-3,openai,neutral,57,990
Agent-4,openai,neutral,57,650
Agent-5,claude,neutral,57,2320
Agent-6,claude,neutral,57,790
Agent-7,claude,neutral,57,1030
Agent-8,openai,neutral,57,780
Agent-9,claude,neutral,57,680
Agent-1,openai,neutral,58,1520
Agent-10,claude,neutral,58,1190
Agent-11,openai,neutral,58,930
Agent-12,claude,neutral,58,1030
Agent-13,openai,neutral,58,220
Agent-14,claude,neutral,58,1820
Agent-15,openai,neutral,58,1860
Agent-16,claude,neutral,58,130
Agent-2,openai,neutral,58,200
Agent-3,openai,neutral,58,930
Agent-4,openai,neutral,58,590
Agent-5,claude,neutral,58,2310
Agent-6,claude,neutral,58,790
Agent-7,claude,neutral,58,1020
Agent-8,openai,neutral,58,780
Agent-9,claude,neutral,58,680
Agent-1,openai,neutral,59,1460
Agent-10,claude,neutral,59,1130
Agent-11,openai,neutral,59,930
Agent-12,claude,neutral,59,1090
Agent-13,openai,neutral,59,220
Agent-14,claude,neutral,59,1880
Agent-15,openai,neutral,59,1910
Agent-16,claude,neutral,59,80
Agent-2,openai,neutral,59,150
Agent-3,openai,neutral,59,930
Agent-4,openai,neutral,59,530
Agent-5,claude,neutral,59,2310
Agent-6,claude,neutral,59,840
Agent-7,claude,neutral,59,1020
Agent-8,openai,neutral,59,780
Agent-9,claude,neutral,59,740
Agent-1,openai,neutral,60,1410
Agent-10,claude,neutral,60,1180
Agent-11,openai,neutral,60,930
Agent-12,claude,neutral,60,1090
Agent-13,openai,neutral,60,220
Agent-14,claude,neutral,60,1870
Agent-15,openai,neutral,60,1920
Agent-16,claude,neutral,60,70
Agent-2,openai,neutral,60,100
Agent-3,openai,neutral,60,990
Agent-4,openai,neutral,60,480
Agent-5,claude,neutral,60,2310
Agent-6,claude,neutral,60,890
Agent-7,claude,neutral,60,970
Agent-8,openai,neutral,60,830
Agent-9,claude,neutral,60,740
Agent-1,openai,neutral,61,1350
Agent-10,claude,neutral,61,1180
Agent-11,openai,neutral,61,930
Agent-12,claude,neutral,61,1100
Agent-13,openai,neutral,61,160
Agent-14,claude,neutral,61,1870
Agent-15,openai,neutral,61,1930
Agent-16,claude,neutral,61,60
Agent-2,openai,neutral,61,210
Agent-3,openai,neutral,61,1050
Agent-4,openai,neutral,61,480
Agent-5,claude,neutral,61,2300
Agent-6,claude,neutral,61,830
Agent-7,claude,neutral,61,970
Agent-8,openai,neutral,61,830
Agent-9,claude,neutral,61,750
Agent-1,openai,neutral,62,1410
Agent-10,claude,neutral,62,1120
Agent-11,openai,neutral,62,930
Agent-12,claude,neutral,62,1100
Agent-13,openai,neutral,62,160
Agent-14,claude,neutral,62,1870
Agent-15,openai,neutral,62,1930
Agent-16,claude,neutral,62,60
Agent-2,openai,neutral,62,260
Agent-3,openai,neutral,62,1050
Agent-4,openai,neutral,62,430
Agent-5,claude,neutral,62,2300
Agent-6,claude,neutral,62,780
Agent-7,claude,neutral,62,920
Agent-8,openai,neutral,62,880
Agent-9,claude,neutral,62,800
Agent-1,openai,neutral,63,1420
Agent-10,claude,neutral,63,1060
Agent-11,openai,neutral,63,930
Agent-12,claude,neutral,63,1110
Agent-13,openai,neutral,63,100
Agent-14,claude,neutral,63,1930
Agent-15,openai,neutral,63,1920
Agent-16,claude,neutral,63,70
Agent-2,openai,neutral,63,260
Agent-3,openai,neutral,63,1160
Agent-4,openai,neutral,63,380
Agent-5,claude,neutral,63,2290
Agent-6,claude,neutral,63,720
Agent-7,claude,neutral,63,920
Agent-8,openai,neutral,63,880
Agent-9,claude,neutral,63,850
Agent-1,openai,neutral,64,1490
Agent-10,claude,neutral,64,1000
Agent-11,openai,neutral,64,880
Agent-12,claude,neutral,64,1110
Agent-13,openai,neutral,64,40
Agent-14,claude,neutral,64,1930
Agent-15,openai,neutral,64,1980
Agent-16,claude,neutral,64,10
Agent-2,openai,neutral,64,270
Agent-3,openai,neutral,64,1220
Agent-4,openai,neutral,64,330
Agent-5,claude,neutral,64,2290
Agent-6,claude,neutral,64,710
Agent-7,claude,neutral,64,860
Agent-8,openai,neutral,64,980
Agent-9,claude,neutral,64,900
Agent-1,openai,neutral,65,1560
Agent-10,claude,neutral,65,940
Agent-11,openai,neutral,65,890
Agent-12,claude,neutral,65,1120
Agent-13,openai,neutral,65,39
Agent-14,claude,neutral,65,1880
Agent-15,openai,neutral,65,1980
Agent-16,claude,neutral,65,10
Agent-2,openai,neutral,65,280
Agent-3,openai,neutral,65,1271
Agent-4,openai,neutral,65,280
Agent-5,claude,neutral,65,2280
Agent-6,claude,neutral,65,700
Agent-7,claude,neutral,65,910
Agent-8,openai,neutral,65,970
Agent-9,claude,neutral,65,890
Agent-1,openai,neutral,66,1620
Agent-10,claude,neutral,66,940
Agent-11,openai,neutral,66,900
Agent-12,claude,neutral,66,1120
Agent-13,openai,neutral,66,38
Agent-14,claude,neutral,66,1820
Agent-15,openai,neutral,66,1990
Agent-16,claude,neutral,66,0
Agent-2,openai,neutral,66,290
Agent-3,openai,neutral,66,1322
Agent-4,openai,neutral,66,230
Agent-5,claude,neutral,66,2330
Agent-6,claude,neutral,66,690
Agent-7,claude,neutral,66,970
Agent-8,openai,neutral,66,910
Agent-9,claude,neutral,66,830
Agent-1,openai,neutral,67,1680
Agent-10,claude,neutral,67,940
Agent-11,openai,neutral,67,910
Agent-12,claude,neutral,67,1070
Agent-13,openai,neutral,67,38
Agent-14,claude,neutral,67,1820
Agent-15,openai,neutral,67,1930
Agent-16,claude,neutral,67,0
Agent-2,openai,neutral,67,300
Agent-3,openai,neutral,67,1372
Agent-4,openai,neutral,67,180
Agent-5,claude,neutral,67,2420
Agent-6,claude,neutral,67,680
Agent-7,claude,neutral,67,980
Agent-8,openai,neutral,67,860
Agent-9,claude,neutral,67,820
Agent-1,openai,neutral,68,1670
Agent-10,claude,neutral,68,950
Agent-11,openai,neutral,68,860
Agent-12,claude,neutral,68,1010
Agent-13,openai,neutral,68,98
Agent-14,claude,neutral,68,1880
Agent-15,openai,neutral,68,1870
Agent-16,claude,neutral,68,0
Agent-2,openai,neutral,68,310
Agent-3,openai,neutral,68,1312
Agent-4,openai,neutral,68,180
Agent-5,claude,neutral,68,2590
Agent-6,claude,neutral,68,620
Agent-7,claude,neutral,68,1040
Agent-8,openai,neutral,68,800
Agent-9,claude,neutral,68,810
Agent-1,openai,neutral,69,1670
Agent-10,claude,neutral,69,950
Agent-11,openai,neutral,69,830
Agent-12,claude,neutral,69,960
Agent-13,openai,neutral,69,188
Agent-14,claude,neutral,69,1830
Agent-15,openai,neutral,69,1870
Agent-16,claude,neutral,69,0
Agent-2,openai,neutral,69,380
Agent-3,openai,neutral,69,1252
Agent-4,openai,neutral,69,230
Agent-5,claude,neutral,69,2580
Agent-6,claude,neutral,69,560
Agent-7,claude,neutral,69,1040
Agent-8,openai,neutral,69,810
Agent-9,claude,neutral,69,850
Agent-1,openai,neutral,70,1660
Agent-10,claude,neutral,70,960
Agent-11,openai,neutral,70,840
Agent-12,claude,neutral,70,960
Agent-13,openai,neutral,70,178
Agent-14,claude,neutral,70,1830
Agent-15,openai,neutral,70,1880
Agent-16,claude,neutral,70,0
Agent-2,openai,neutral,70,390
Agent-3,openai,neutral,70,1202
Agent-4,openai,neutral,70,330
Agent-5,claude,neutral,70,2630
Agent-6,claude,neutral,70,500
Agent-7,claude,neutral,70,980
Agent-8,openai,neutral,70,760
Agent-9,claude,neutral,70,900
Agent-1,openai,neutral,71,1720
Agent-10,claude,neutral,71,960
Agent-11,openai,neutral,71,910
Agent-12,claude,neutral,71,910
Agent-13,openai,neutral,71,168
Agent-14,claude,neutral,71,1770
Agent-15,openai,neutral,71,1890
Agent-16,claude,neutral,71,0
Agent-2,openai,neutral,71,450
Agent-3,openai,neutral,71,1152
Agent-4,openai,neutral,71,380
Agent-5,claude,neutral,71,2720
Agent-6,claude,neutral,71,440
Agent-7,claude,neutral,71,920
Agent-8,openai,neutral,71,710
Agent-9,claude,neutral,71,900
Agent-1,openai,neutral,72,1770
Agent-10,claude,neutral,72,910
Agent-11,openai,neutral,72,970
Agent-12,claude,neutral,72,910
Agent-13,openai,neutral,72,158
Agent-14,claude,neutral,72,1760
Agent-15,openai,neutral,72,1840
Agent-16,claude,neutral,72,0
Agent-2,openai,neutral,72,460
Agent-3,openai,neutral,72,1102
Agent-4,openai,neutral,72,430
Agent-5,claude,neutral,72,2720
Agent-6,claude,neutral,72,430
Agent-7,claude,neutral,72,870
Agent-8,openai,neutral,72,710
Agent-9,claude,neutral,72,960
Agent-1,openai,neutral,73,1830
Agent-10,claude,neutral,73,910
Agent-11,openai,neutral,73,920
Agent-12,claude,neutral,73,860
Agent-13,openai,neutral,73,98
Agent-14,claude,neutral,73,1760
Agent-15,openai,neutral,73,1850
Agent-16,claude,neutral,73,0
Agent-2,openai,neutral,73,460
Agent-3,openai,neutral,73,1152
Agent-4,openai,neutral,73,380
Agent-5,claude,neutral,73,2820
Agent-6,claude,neutral,73,430
Agent-7,claude,neutral,73,920
Agent-8,openai,neutral,73,710
Agent-9,claude,neutral,73,900
Agent-1,openai,neutral,74,1830
Agent-10,claude,neutral,74,910
Agent-11,openai,neutral,74,860
Agent-12,claude,neutral,74,860
Agent-13,openai,neutral,74,48
Agent-14,claude,neutral,74,1810
Agent-15,openai,neutral,74,1790
Agent-16,claude,neutral,74,0
Agent-2,openai,neutral,74,470
Agent-3,openai,neutral,74,1202
Agent-4,openai,neutral,74,330
Agent-5,claude,neutral,74,2880
Agent-6,claude,neutral,74,420
Agent-7,claude,neutral,74,980
Agent-8,openai,neutral,74,760
Agent-9,claude,neutral,74,850
Agent-1,openai,neutral,75,1830
Agent-10,claude,neutral,75,850
Agent-11,openai,neutral,75,860
Agent-12,claude,neutral,75,810
Agent-13,openai,neutral,75,60
Agent-14,claude,neutral,75,1800
Agent-15,openai,neutral,75,1838
Agent-16,claude,neutral,75,0
Agent-2,openai,neutral,75,480
Agent-3,openai,neutral,75,1202
Agent-4,openai,neutral,75,390
Agent-5,claude,neutral,75,2870
Agent-6,claude,neutral,75,410
Agent-7,claude,neutral,75,980
Agent-8,openai,neutral,75,700
Agent-9,claude,neutral,75,920
Agent-1,openai,neutral,76,1880
Agent-10,claude,neutral,76,800
Agent-11,openai,neutral,76,810
Agent-12,claude,neutral,76,810
Agent-13,openai,neutral,76,60
Agent-14,claude,neutral,76,1860
Agent-15,openai,neutral,76,1778
Agent-16,claude,neutral,76,0
Agent-2,openai,neutral,76,490
Agent-3,openai,neutral,76,1302
Agent-4,openai,neutral,76,390
Agent-5,claude,neutral,76,2870
Agent-6,claude,neutral,76,400
Agent-7,claude,neutral,76,980
Agent-8,openai,neutral,76,650
Agent-9,claude,neutral,76,920
Agent-1,openai,neutral,77,1890
Agent-10,claude,neutral,77,740
Agent-11,openai,neutral,77,810
Agent-12,claude,neutral,77,750
Agent-13,openai,neutral,77,130
Agent-14,claude,neutral,77,1910
Agent-15,openai,neutral,77,1768
Agent-16,claude,neutral,77,0
Agent-2,openai,neutral,77,500
Agent-3,openai,neutral,77,1302
Agent-4,openai,neutral,77,330
Agent-5,claude,neutral,77,2870
Agent-6,claude,neutral,77,390
Agent-7,claude,neutral,77,980
Agent-8,openai,neutral,77,710
Agent-9,claude,neutral,77,920
Agent-1,openai,neutral,78,1900
Agent-10,claude,neutral,78,680
Agent-11,openai,neutral,78,750
Agent-12,claude,neutral,78,750
Agent-13,openai,neutral,78,250
Agent-14,claude,neutral,78,1960
Agent-15,openai,neutral,78,1708
Agent-16,claude,neutral,78,0
Agent-2,openai,neutral,78,510
Agent-3,openai,neutral,78,1362
Agent-4,openai,neutral,78,320
Agent-5,claude,neutral,78,2870
Agent-6,claude,neutral,78,380
Agent-7,claude,neutral,78,930
Agent-8,openai,neutral,78,660
Agent-9,claude,neutral,78,970
Agent-1,openai,neutral,79,1890
Agent-10,claude,neutral,79,630
Agent-11,openai,neutral,79,750
Agent-12,claude,neutral,79,760
Agent-13,openai,neutral,79,200
Agent-14,claude,neutral,79,1950
Agent-15,openai,neutral,79,1768
Agent-16,claude,neutral,79,0
Agent-2,openai,neutral,79,520
Agent-3,openai,neutral,79,1402
Agent-4,openai,neutral,79,390
Agent-5,claude,neutral,79,2860
Agent-6,claude,neutral,79,370
Agent-7,claude,neutral,79,930
Agent-8,openai,neutral,79,600
Agent-9,claude,neutral,79,980
Agent-1,openai,neutral,80,1890
Agent-10,claude,neutral,80,570
Agent-11,openai,neutral,80,700
Agent-12,claude,neutral,80,760
Agent-13,openai,neutral,80,210
Agent-14,claude,neutral,80,2000
Agent-15,openai,neutral,80,1758
Agent-16,claude,neutral,80,0
Agent-2,openai,neutral,80,580
Agent-3,openai,neutral,80,1402
Agent-4,openai,neutral,80,390
Agent-5,claude,neutral,80,2910
Agent-6,claude,neutral,80,310
Agent-7,claude,neutral,80,930
Agent-8,openai,neutral,80,600
Agent-9,claude,neutral,80,990
Agent-1,openai,neutral,81,1890
Agent-10,claude,neutral,81,570
Agent-11,openai,neutral,81,690
Agent-12,claude,neutral,81,700
Agent-13,openai,neutral,81,220
Agent-14,claude,neutral,81,2050
Agent-15,openai,neutral,81,1748
Agent-16,claude,neutral,81,0
Agent-2,openai,neutral,81,640
Agent-3,openai,neutral,81,1392
Agent-4,openai,neutral,81,400
Agent-5,claude,neutral,81,2980
Agent-6,claude,neutral,81,250
Agent-7,claude,neutral,81,870
Agent-8,openai,neutral,81,600
Agent-9,claude,neutral,81,1000
Agent-1,openai,neutral,82,1950
Agent-10,claude,neutral,82,510
Agent-11,openai,neutral,82,680
Agent-12,claude,neutral,82,700
Agent-13,openai,neutral,82,170
Agent-14,claude,neutral,82,2100
Agent-15,openai,neutral,82,1748
Agent-16,claude,neutral,82,0
Agent-2,openai,neutral,82,640
Agent-3,openai,neutral,82,1392
Agent-4,openai,neutral,82,400
Agent-5,claude,neutral,82,3040
Agent-6,claude,neutral,82,250
Agent-7,claude,neutral,82,810
Agent-8,openai,neutral,82,600
Agent-9,claude,neutral,82,1010
Agent-1,openai,neutral,83,1950
Agent-10,claude,neutral,83,510
Agent-11,openai,neutral,83,740
Agent-12,claude,neutral,83,650
Agent-13,openai,neutral,83,110
Agent-14,claude,neutral,83,2090
Agent-15,openai,neutral,83,1748
Agent-16,claude,neutral,83,0
Agent-2,openai,neutral,83,640
Agent-3,openai,neutral,83,1332
Agent-4,openai,neutral,83,520
Agent-5,claude,neutral,83,3090
Agent-6,claude,neutral,83,250
Agent-7,claude,neutral,83,760
Agent-8,openai,neutral,83,540
Agent-9,claude,neutral,83,1070
Agent-1,openai,neutral,84,1950
Agent-10,claude,neutral,84,510
Agent-11,openai,neutral,84,690
Agent-12,claude,neutral,84,660
Agent-13,openai,neutral,84,110
Agent-14,claude,neutral,84,2130
Agent-15,openai,neutral,84,1748
Agent-16,claude,neutral,84,0
Agent-2,openai,neutral,84,700
Agent-3,openai,neutral,84,1332
Agent-4,openai,neutral,84,520
Agent-5,claude,neutral,84,3130
Agent-6,claude,neutral,84,190
Agent-7,claude,neutral,84,770
Agent-8,openai,neutral,84,540
Agent-9,claude,neutral,84,1020
Agent-1,openai,neutral,85,2010
Agent-10,claude,neutral,85,450
Agent-11,openai,neutral,85,630
Agent-12,claude,neutral,85,660
Agent-13,openai,neutral,85,170
Agent-14,claude,neutral,85,2190
Agent-15,openai,neutral,85,1748
Agent-16,claude,neutral,85,0
Agent-2,openai,neutral,85,700
Agent-3,openai,neutral,85,1332
Agent-4,openai,neutral,85,460
Agent-5,claude,neutral,85,3130
Agent-6,claude,neutral,85,190
Agent-7,claude,neutral,85,770
Agent-8,openai,neutral,85,600
Agent-9,claude,neutral,85,960
Agent-1,openai,neutral,86,2060
Agent-10,claude,neutral,86,400
Agent-11,openai,neutral,86,630
Agent-12,claude,neutral,86,610
Agent-13,openai,neutral,86,230
Agent-14,claude,neutral,86,2230
Agent-15,openai,neutral,86,1748
Agent-16,claude,neutral,86,0
Agent-2,openai,neutral,86,690
Agent-3,openai,neutral,86,1302
Agent-4,openai,neutral,86,550
Agent-5,claude,neutral,86,3120
Agent-6,claude,neutral,86,200
Agent-7,claude,neutral,86,780
Agent-8,openai,neutral,86,540
Agent-9,claude,neutral,86,910
Agent-1,openai,neutral,87,2060
Agent-10,claude,neutral,87,400
Agent-11,openai,neutral,87,570
Agent-12,claude,neutral,87,610
Agent-13,openai,neutral,87,290
Agent-14,claude,neutral,87,2290
Agent-15,openai,neutral,87,1748
Agent-16,claude,neutral,87,0
Agent-2,openai,neutral,87,690
Agent-3,openai,neutral,87,1272
Agent-4,openai,neutral,87,640
Agent-5,claude,neutral,87,3120
Agent-6,claude,neutral,87,200
Agent-7,claude,neutral,87,780
Agent-8,openai,neutral,87,480
Agent-9,claude,neutral,87,850
Agent-1,openai,neutral,88,2050
Agent-10,claude,neutral,88,410
Agent-11,openai,neutral,88,570
Agent-12,claude,neutral,88,620
Agent-13,openai,neutral,88,290
Agent-14,claude,neutral,88,2330
Agent-15,openai,neutral,88,1728
Agent-16,claude,neutral,88,0
Agent-2,openai,neutral,88,700
Agent-3,openai,neutral,88,1242
Agent-4,openai,neutral,88,640
Agent-5,claude,neutral,88,3160
Agent-6,claude,neutral,88,190
Agent-7,claude,neutral,88,790
Agent-8,openai,neutral,88,480
Agent-9,claude,neutral,88,800
Agent-1,openai,neutral,89,2050
Agent-10,claude,neutral,89,410
Agent-11,openai,neutral,89,570
Agent-12,claude,neutral,89,630
Agent-13,openai,neutral,89,290
Agent-14,claude,neutral,89,2380
Agent-15,openai,neutral,89,1678
Agent-16,claude,neutral,89,0
Agent-2,openai,neutral,89,700
Agent-3,openai,neutral,89,1272
Agent-4,openai,neutral,89,610
Agent-5,claude,neutral,89,3200
Agent-6,claude,neutral,89,190
Agent-7,claude,neutral,89,740
Agent-8,openai,neutral,89,480
Agent-9,claude,neutral,89,800
Agent-1,openai,neutral,90,2050
Agent-10,claude,neutral,90,410
Agent-11,openai,neutral,90,520
Agent-12,claude,neutral,90,640
Agent-13,openai,neutral,90,290
Agent-14,claude,neutral,90,2420
Agent-15,openai,neutral,90,1678
Agent-16,claude,neutral,90,0
Agent-2,openai,neutral,90,760
Agent-3,openai,neutral,90,1302
Agent-4,openai,neutral,90,640
Agent-5,claude,neutral,90,3190
Agent-6,claude,neutral,90,130
Agent-7,claude,neutral,90,750
Agent-8,openai,neutral,90,470
Agent-9,claude,neutral,90,750
Agent-1,openai,neutral,91,2140
Agent-10,claude,neutral,91,360
Agent-11,openai,neutral,91,520
Agent-12,claude,neutral,91,640
Agent-13,openai,neutral,91,350
Agent-14,claude,neutral,91,2460
Agent-15,openai,neutral,91,1678
Agent-16,claude,neutral,91,0
Agent-2,openai,neutral,91,770
Agent-3,openai,neutral,91,1252
Agent-4,openai,neutral,91,580
Agent-5,claude,neutral,91,3190
Agent-6,claude,neutral,91,120
Agent-7,claude,neutral,91,700
Agent-8,openai,neutral,91,480
Agent-9,claude,neutral,91,760
Agent-1,openai,neutral,92,2250
Agent-10,claude,neutral,92,300
Agent-11,openai,neutral,92,470
Agent-12,claude,neutral,92,640
Agent-13,openai,neutral,92,350
Agent-14,claude,neutral,92,2520
Agent-15,openai,neutral,92,1648
Agent-16,claude,neutral,92,0
Agent-2,openai,neutral,92,780
Agent-3,openai,neutral,92,1252
Agent-4,openai,neutral,92,550
Agent-5,claude,neutral,92,3190
Agent-6,claude,neutral,92,170
Agent-7,claude,neutral,92,640
Agent-8,openai,neutral,92,480
Agent-9,claude,neutral,92,760
Agent-1,openai,neutral,93,2400
Agent-10,claude,neutral,93,250
Agent-11,openai,neutral,93,420
Agent-12,claude,neutral,93,650
Agent-13,openai,neutral,93,300
Agent-14,claude,neutral,93,2560
Agent-15,openai,neutral,93,1678
Agent-16,claude,neutral,93,0
Agent-2,openai,neutral,93,780
Agent-3,openai,neutral,93,1232
Agent-4,openai,neutral,93,520
Agent-5,claude,neutral,93,3180
Agent-6,claude,neutral,93,170
Agent-7,claude,neutral,93,650
Agent-8,openai,neutral,93,500
Agent-9,claude,neutral,93,710
Agent-1,openai,neutral,94,2510
Agent-10,claude,neutral,94,190
Agent-11,openai,neutral,94,370
Agent-12,claude,neutral,94,660
Agent-13,openai,neutral,94,250
Agent-14,claude,neutral,94,2620
Agent-15,openai,neutral,94,1648
Agent-16,claude,neutral,94,0
Agent-2,openai,neutral,94,780
Agent-3,openai,neutral,94,1262
Agent-4,openai,neutral,94,490
Agent-5,claude,neutral,94,3170
Agent-6,claude,neutral,94,230
Agent-7,claude,neutral,94,590
Agent-8,openai,neutral,94,520
Agent-9,claude,neutral,94,710
Agent-1,openai,neutral,95,2550
Agent-10,claude,neutral,95,140
Agent-11,openai,neutral,95,320
Agent-12,claude,neutral,95,670
Agent-13,openai,neutral,95,200
Agent-14,claude,neutral,95,2660
Agent-15,openai,neutral,95,1648
Agent-16,claude,neutral,95,0
Agent-2,openai,neutral,95,770
Agent-3,openai,neutral,95,1302
Agent-4,openai,neutral,95,540
Agent-5,claude,neutral,95,3160
Agent-6,claude,neutral,95,240
Agent-7,claude,neutral,95,600
Agent-8,openai,neutral,95,540
Agent-9,claude,neutral,95,660
Agent-1,openai,neutral,96,2550
Agent-10,claude,neutral,96,80
Agent-11,openai,neutral,96,320
Agent-12,claude,neutral,96,670
Agent-13,openai,neutral,96,200
Agent-14,claude,neutral,96,2700
Agent-15,openai,neutral,96,1678
Agent-16,claude,neutral,96,0
Agent-2,openai,neutral,96,770
Agent-3,openai,neutral,96,1422
Agent-4,openai,neutral,96,480
Agent-5,claude,neutral,96,3160
Agent-6,claude,neutral,96,240
Agent-7,claude,neutral,96,610
Agent-8,openai,neutral,96,510
Agent-9,claude,neutral,96,610
Agent-1,openai,neutral,97,2540
Agent-10,claude,neutral,97,30
Agent-11,openai,neutral,97,370
Agent-12,claude,neutral,97,670
Agent-13,openai,neutral,97,200
Agent-14,claude,neutral,97,2740
Agent-15,openai,neutral,97,1618
Agent-16,claude,neutral,97,0
Agent-2,openai,neutral,97,770
Agent-3,openai,neutral,97,1512
Agent-4,openai,neutral,97,450
Agent-5,claude,neutral,97,3160
Agent-6,claude,neutral,97,240
Agent-7,claude,neutral,97,620
Agent-8,openai,neutral,97,520
Agent-9,claude,neutral,97,560
Agent-1,openai,neutral,98,2480
Agent-10,claude,neutral,98,30
Agent-11,openai,neutral,98,420
Agent-12,claude,neutral,98,670
Agent-13,openai,neutral,98,200
Agent-14,claude,neutral,98,2780
Agent-15,openai,neutral,98,1558
Agent-16,claude,neutral,98,0
Agent-2,openai,neutral,98,780
Agent-3,openai,neutral,98,1602
Agent-4,openai,neutral,98,420
Agent-5,claude,neutral,98,3160
Agent-6,claude,neutral,98,230
Agent-7,claude,neutral,98,570
Agent-8,openai,neutral,98,530
Agent-9,claude,neutral,98,570
Agent-1,openai,neutral,99,2420
Agent-10,claude,neutral,99,30
Agent-11,openai,neutral,99,520
Agent-12,claude,neutral,99,670
Agent-13,openai,neutral,99,200
Agent-14,claude,neutral,99,2820
Agent-15,openai,neutral,99,1508
Agent-16,claude,neutral,99,0
Agent-2,openai,neutral,99,790
Agent-3,openai,neutral,99,1692
Agent-4,openai,neutral,99,390
Agent-5,claude,neutral,99,3160
Agent-6,claude,neutral,99,220
Agent-7,claude,neutral,99,580
Agent-8,openai,neutral,99,480
Agent-9,claude,neutral,99,520
Agent-1,openai,neutral,100,2420
Agent-10,claude,neutral,100,30
Agent-11,openai,neutral,100,470
Agent-12,claude,neutral,100,670
Agent-13,openai,neutral,100,140
Agent-14,claude,neutral,100,2760
Agent-15,openai,neutral,100,1558
Agent-16,claude,neutral,100,0
Agent-2,openai,neutral,100,800
Agent-3,openai,neutral,100,1722
Agent-4,openai,neutral,100,420
Agent-5,claude,neutral,100,3160
Agent-6,claude,neutral,100,210
Agent-7,claude,neutral,100,580
Agent-8,openai,neutral,100,480
Agent-9,claude,neutral,100,580
